id,title,category,priority,duration_minutes,details,frequency,facilitator_role,resource_pool,location,remote_allowed,equipment_required,prep_required,backup_activity_ids,skip_adjustment,metrics
activity_001,Outdoor Walk - Core Stability,Fitness routine / exercise,62,45,Walk at a pace that slightly elevates breathing while keeping posture tall.,"{""times"": 3, ""period"": ""week""}",self_guided,self,park,False,[],"[""Comfortable walking shoes""]",[],Move to the next free slot within 48 hours and lower intensity by one step.,"[""steps"", ""average_pace""]"
activity_002,Breath-Led Yoga - Joint Care,Fitness routine / exercise,74,45,Use slow transitions and extended exhales to support recovery and mobility.,"{""times"": 2, ""period"": ""week""}",physiotherapist,allied_health,home,True,"[""yoga_mat""]","[""Reduce screen exposure beforehand"", ""Set up quiet room""]",[],Move to the next free slot within 48 hours and lower intensity by one step.,"[""session_minutes"", ""stress_score_post""]"
activity_003,Zone 2 Treadmill Session - Core Stability,Fitness routine / exercise,74,45,Maintain a sustainable aerobic effort and log exertion after the session.,"{""times"": 3, ""period"": ""week""}",exercise_physiologist,allied_health,gym,True,"[""treadmill""]","[""Bring water bottle"", ""Light dynamic warm-up""]",[],Move to the next free slot within 48 hours and lower intensity by one step.,"[""heart_rate_average"", ""rpe""]"
activity_004,Visual Mobility Routine - Mobility Reset,Fitness routine / exercise,71,15,Alternate near and far focus work with controlled visual tracking drills.,"{""times"": 1, ""period"": ""day""}",occupational_therapist,allied_health,home,True,[],"[""Screen brightness reduced"", ""Timer prepared""]",[],Move to the next free slot within 48 hours and lower intensity by one step.,"[""screen_break_count"", ""eye_strain_score""]"
activity_005,Breath-Led Yoga - Mobility Reset,Fitness routine / exercise,70,30,Use slow transitions and extended exhales to support recovery and mobility.,"{""times"": 2, ""period"": ""week""}",physiotherapist,allied_health,home,True,"[""yoga_mat""]","[""Reduce screen exposure beforehand"", ""Set up quiet room""]",[],Move to the next free slot within 48 hours and lower intensity by one step.,"[""session_minutes"", ""stress_score_post""]"
activity_006,Posterior Chain Session - Recovery Focus,Fitness routine / exercise,67,75,Complete compound lifts with controlled tempo and moderate load progression.,"{""times"": 2, ""period"": ""week""}",exercise_physiologist,allied_health,gym,True,"[""dumbbell_set""]","[""Prepare workout log"", ""Complete activation drills""]",[],Move to the next free slot within 48 hours and lower intensity by one step.,"[""sets_completed"", ""session_rpe"", ""load_used""]"
activity_007,Posterior Chain Session - Aerobic Base,Fitness routine / exercise,76,75,Complete compound lifts with controlled tempo and moderate load progression.,"{""times"": 2, ""period"": ""week""}",strength_coach,allied_health,gym,True,"[""dumbbell_set""]","[""Complete activation drills"", ""Prepare workout log""]",[],Move to the next free slot within 48 hours and lower intensity by one step.,"[""load_used"", ""sets_completed"", ""session_rpe""]"
activity_008,Cardio Recovery Treadmill Session - Mobility Reset,Fitness routine / exercise,64,60,Maintain a sustainable aerobic effort and log exertion after the session.,"{""times"": 2, ""period"": ""week""}",self_guided,self,gym,False,"[""treadmill""]","[""Bring water bottle"", ""Light dynamic warm-up""]",[],Move to the next free slot within 48 hours and lower intensity by one step.,"[""distance_km"", ""rpe""]"
activity_009,Resistance Session - Joint Care,Fitness routine / exercise,64,60,Complete compound lifts with controlled tempo and moderate load progression.,"{""times"": 2, ""period"": ""week""}",strength_coach,allied_health,gym,True,"[""dumbbell_set""]","[""Complete activation drills"", ""Prepare workout log""]",[],Move to the next free slot within 48 hours and lower intensity by one step.,"[""session_rpe"", ""load_used""]"
activity_010,Cadence Bike Session - Recovery Focus,Fitness routine / exercise,62,45,Alternate harder efforts with recovery segments and track response across intervals.,"{""times"": 1, ""period"": ""week""}",self_guided,self,gym,False,"[""stationary_bike""]","[""Hydrate before session""]",[],Move to the next free slot within 48 hours and lower intensity by one step.,"[""session_rpe"", ""peak_heart_rate""]"
activity_011,Resistance Session - Core Stability,Fitness routine / exercise,75,60,Complete compound lifts with controlled tempo and moderate load progression.,"{""times"": 2, ""period"": ""week""}",strength_coach,allied_health,gym,True,"[""dumbbell_set""]","[""Complete activation drills""]",[],Move to the next free slot within 48 hours and lower intensity by one step.,"[""sets_completed"", ""session_rpe"", ""load_used""]"
activity_012,Recovery Walk - Recovery Focus,Fitness routine / exercise,61,45,Walk at a pace that slightly elevates breathing while keeping posture tall.,"{""times"": 4, ""period"": ""week""}",self_guided,self,park,False,[],"[""Comfortable walking shoes""]",[],Move to the next free slot within 48 hours and lower intensity by one step.,"[""steps"", ""average_pace""]"
activity_013,Recovery Yoga - Recovery Focus,Fitness routine / exercise,62,45,Use slow transitions and extended exhales to support recovery and mobility.,"{""times"": 2, ""period"": ""week""}",physiotherapist,allied_health,home,True,"[""yoga_mat""]","[""Set up quiet room""]",[],Move to the next free slot within 48 hours and lower intensity by one step.,"[""session_minutes"", ""stress_score_post""]"
activity_014,Tempo Bike Session - Recovery Focus,Fitness routine / exercise,72,45,Alternate harder efforts with recovery segments and track response across intervals.,"{""times"": 2, ""period"": ""week""}",exercise_physiologist,allied_health,gym,True,"[""stationary_bike""]","[""Review interval targets"", ""Hydrate before session""]",[],Move to the next free slot within 48 hours and lower intensity by one step.,"[""interval_count"", ""peak_heart_rate""]"
activity_015,Cardio Recovery Run - Core Stability,Fitness routine / exercise,61,45,Maintain a sustainable aerobic effort and log exertion after the session.,"{""times"": 2, ""period"": ""week""}",self_guided,self,park,False,[],"[""Light dynamic warm-up""]",[],Move to the next free slot within 48 hours and lower intensity by one step.,"[""distance_km"", ""heart_rate_average""]"
activity_016,Guided Yoga - Joint Care,Fitness routine / exercise,76,45,Use slow transitions and extended exhales to support recovery and mobility.,"{""times"": 2, ""period"": ""week""}",self_guided,self,home,False,"[""yoga_mat""]","[""Set up quiet room"", ""Reduce screen exposure beforehand""]",[],Move to the next free slot within 48 hours and lower intensity by one step.,"[""session_minutes"", ""stress_score_post"", ""sleep_readiness""]"
activity_017,Mobility Flow - Recovery Focus,Fitness routine / exercise,64,30,Move through controlled range-of-motion work and keep breathing relaxed.,"{""times"": 3, ""period"": ""week""}",physiotherapist,allied_health,home,True,"[""yoga_mat""]","[""Yoga mat ready"", ""Quiet floor space""]",[],Move to the next free slot within 48 hours and lower intensity by one step.,"[""stiffness_score"", ""pain_score"", ""mobility_minutes""]"
activity_018,Low-Impact Walk - Aerobic Base,Fitness routine / exercise,64,45,Walk at a pace that slightly elevates breathing while keeping posture tall.,"{""times"": 4, ""period"": ""week""}",self_guided,self,park,False,[],"[""Comfortable walking shoes""]",[],Move to the next free slot within 48 hours and lower intensity by one step.,"[""steps"", ""distance_km"", ""average_pace""]"
activity_019,Mobility Flow - Core Stability,Fitness routine / exercise,64,30,Move through controlled range-of-motion work and keep breathing relaxed.,"{""times"": 3, ""period"": ""week""}",physiotherapist,allied_health,home,True,"[""yoga_mat""]","[""Quiet floor space"", ""Yoga mat ready""]",[],Move to the next free slot within 48 hours and lower intensity by one step.,"[""stiffness_score"", ""mobility_minutes""]"
activity_020,Guided Yoga - Mobility Reset,Fitness routine / exercise,69,45,Use slow transitions and extended exhales to support recovery and mobility.,"{""times"": 2, ""period"": ""week""}",health_coach,allied_health,home,True,"[""yoga_mat""]","[""Set up quiet room""]",[],Move to the next free slot within 48 hours and lower intensity by one step.,"[""stress_score_post"", ""sleep_readiness""]"
activity_021,Breath-Led Yoga - Aerobic Base,Fitness routine / exercise,65,45,Use slow transitions and extended exhales to support recovery and mobility.,"{""times"": 2, ""period"": ""week""}",physiotherapist,allied_health,home,True,"[""yoga_mat""]","[""Set up quiet room"", ""Reduce screen exposure beforehand""]",[],Move to the next free slot within 48 hours and lower intensity by one step.,"[""session_minutes"", ""stress_score_post"", ""sleep_readiness""]"
activity_022,Strength Session - Core Stability,Fitness routine / exercise,72,75,Complete compound lifts with controlled tempo and moderate load progression.,"{""times"": 2, ""period"": ""week""}",exercise_physiologist,allied_health,gym,True,"[""dumbbell_set""]","[""Complete activation drills"", ""Prepare workout log""]",[],Move to the next free slot within 48 hours and lower intensity by one step.,"[""sets_completed"", ""session_rpe"", ""load_used""]"
activity_023,Posterior Chain Session - Joint Care,Fitness routine / exercise,70,75,Complete compound lifts with controlled tempo and moderate load progression.,"{""times"": 2, ""period"": ""week""}",exercise_physiologist,allied_health,gym,True,"[""dumbbell_set""]","[""Complete activation drills""]",[],Move to the next free slot within 48 hours and lower intensity by one step.,"[""session_rpe"", ""load_used""]"
activity_024,Cardio Recovery Run - Recovery Focus,Fitness routine / exercise,63,60,Maintain a sustainable aerobic effort and log exertion after the session.,"{""times"": 3, ""period"": ""week""}",strength_coach,allied_health,gym,True,"[""treadmill""]","[""Bring water bottle"", ""Light dynamic warm-up""]",[],Move to the next free slot within 48 hours and lower intensity by one step.,"[""heart_rate_average"", ""distance_km""]"
activity_025,Recovery Walk - Joint Care,Fitness routine / exercise,69,30,Walk at a pace that slightly elevates breathing while keeping posture tall.,"{""times"": 4, ""period"": ""week""}",self_guided,self,park,False,[],"[""Comfortable walking shoes""]",[],Move to the next free slot within 48 hours and lower intensity by one step.,"[""distance_km"", ""average_pace"", ""steps""]"
activity_026,Recovery Yoga - Mobility Reset,Fitness routine / exercise,67,45,Use slow transitions and extended exhales to support recovery and mobility.,"{""times"": 2, ""period"": ""week""}",self_guided,self,home,False,"[""yoga_mat""]","[""Set up quiet room""]",[],Move to the next free slot within 48 hours and lower intensity by one step.,"[""session_minutes"", ""stress_score_post""]"
activity_027,Guided Yoga - Recovery Focus,Fitness routine / exercise,72,30,Use slow transitions and extended exhales to support recovery and mobility.,"{""times"": 2, ""period"": ""week""}",health_coach,allied_health,home,True,"[""yoga_mat""]","[""Reduce screen exposure beforehand""]",[],Move to the next free slot within 48 hours and lower intensity by one step.,"[""session_minutes"", ""stress_score_post""]"
activity_028,Cardio Recovery Run - Mobility Reset,Fitness routine / exercise,76,60,Maintain a sustainable aerobic effort and log exertion after the session.,"{""times"": 3, ""period"": ""week""}",exercise_physiologist,allied_health,gym,True,"[""treadmill""]","[""Bring water bottle"", ""Light dynamic warm-up""]",[],Move to the next free slot within 48 hours and lower intensity by one step.,"[""rpe"", ""distance_km""]"
activity_029,Focus Mobility Routine - Mobility Reset,Fitness routine / exercise,67,20,Alternate near and far focus work with controlled visual tracking drills.,"{""times"": 1, ""period"": ""day""}",self_guided,self,office,True,[],"[""Screen brightness reduced"", ""Timer prepared""]",[],Move to the next free slot within 48 hours and lower intensity by one step.,"[""eye_strain_score"", ""routine_minutes""]"
activity_030,Outdoor Walk - Aerobic Base,Fitness routine / exercise,73,30,Walk at a pace that slightly elevates breathing while keeping posture tall.,"{""times"": 3, ""period"": ""week""}",self_guided,self,park,False,[],"[""Comfortable walking shoes""]",[],Move to the next free slot within 48 hours and lower intensity by one step.,"[""average_pace"", ""steps"", ""distance_km""]"
activity_031,Interval Bike Session - Core Stability,Fitness routine / exercise,67,45,Alternate harder efforts with recovery segments and track response across intervals.,"{""times"": 2, ""period"": ""week""}",self_guided,self,gym,False,"[""stationary_bike""]","[""Review interval targets""]",[],Move to the next free slot within 48 hours and lower intensity by one step.,"[""session_rpe"", ""interval_count"", ""peak_heart_rate""]"
activity_032,Visual Mobility Routine - Joint Care,Fitness routine / exercise,73,15,Alternate near and far focus work with controlled visual tracking drills.,"{""times"": 1, ""period"": ""day""}",occupational_therapist,allied_health,office,True,[],"[""Screen brightness reduced""]",[],Move to the next free slot within 48 hours and lower intensity by one step.,"[""routine_minutes"", ""screen_break_count"", ""eye_strain_score""]"
activity_033,Tempo Bike Session - Core Stability,Fitness routine / exercise,75,30,Alternate harder efforts with recovery segments and track response across intervals.,"{""times"": 1, ""period"": ""week""}",self_guided,self,gym,False,"[""stationary_bike""]","[""Hydrate before session""]",[],Move to the next free slot within 48 hours and lower intensity by one step.,"[""peak_heart_rate"", ""session_rpe""]"
activity_034,Resistance Session - Mobility Reset,Fitness routine / exercise,74,75,Complete compound lifts with controlled tempo and moderate load progression.,"{""times"": 2, ""period"": ""week""}",strength_coach,allied_health,gym,True,"[""dumbbell_set""]","[""Prepare workout log""]",[],Move to the next free slot within 48 hours and lower intensity by one step.,"[""sets_completed"", ""session_rpe"", ""load_used""]"
activity_035,Breath-Led Yoga - Recovery Focus,Fitness routine / exercise,69,30,Use slow transitions and extended exhales to support recovery and mobility.,"{""times"": 2, ""period"": ""week""}",health_coach,allied_health,home,True,"[""yoga_mat""]","[""Reduce screen exposure beforehand"", ""Set up quiet room""]",[],Move to the next free slot within 48 hours and lower intensity by one step.,"[""session_minutes"", ""stress_score_post"", ""sleep_readiness""]"
activity_036,Balanced Breakfast - Protein Rebuild,Food consumption,71,30,"Build breakfast around protein, fiber, and steady energy release.","{""times"": 4, ""period"": ""week""}",self_guided,self,home,False,"[""blender_station""]","[""Ingredients prepped the night before"", ""Breakfast logged in nutrition app""]",[],Replace with the closest balanced meal option and record deviation in the nutrition log.,"[""fiber_grams"", ""protein_grams"", ""post_meal_energy""]"
activity_037,Sleep-Support Dinner - Energy Stabilizer,Food consumption,71,30,"Build dinner around vegetables, legumes, and a moderate portion of lean protein.","{""times"": 3, ""period"": ""week""}",self_guided,self,home,False,[],"[""Vegetables chopped in advance"", ""Dinner ingredients thawed""]",[],Replace with the closest balanced meal option and record deviation in the nutrition log.,"[""sleep_quality_next_day"", ""fiber_grams"", ""meal_finish_time""]"
activity_038,Protein-Forward Breakfast - Protein Rebuild,Food consumption,70,20,"Build breakfast around protein, fiber, and steady energy release.","{""times"": 3, ""period"": ""week""}",self_guided,self,home,False,"[""blender_station""]","[""Breakfast logged in nutrition app""]",[],Replace with the closest balanced meal option and record deviation in the nutrition log.,"[""fiber_grams"", ""post_meal_energy""]"
activity_039,Fluid Checkpoint - Energy Stabilizer,Food consumption,70,10,Pause for a structured hydration target and record intake progress.,"{""times"": 1, ""period"": ""day""}",health_coach,allied_health,office,True,[],"[""Water bottle filled""]",[],Replace with the closest balanced meal option and record deviation in the nutrition log.,"[""hydration_ml"", ""urine_color_score""]"
activity_040,Recovery Smoothie - Recovery Plate,Food consumption,72,15,Blend protein and hydration-supportive ingredients after higher-load training.,"{""times"": 2, ""period"": ""week""}",dietitian,allied_health,home,True,"[""blender_station""]","[""Frozen ingredients portioned""]",[],Replace with the closest balanced meal option and record deviation in the nutrition log.,"[""hydration_ml"", ""protein_grams""]"
activity_041,Recovery Smoothie - Energy Stabilizer,Food consumption,71,15,Blend protein and hydration-supportive ingredients after higher-load training.,"{""times"": 2, ""period"": ""week""}",dietitian,allied_health,home,True,"[""blender_station""]","[""Frozen ingredients portioned""]",[],Replace with the closest balanced meal option and record deviation in the nutrition log.,"[""hydration_ml"", ""recovery_score_next_day"", ""protein_grams""]"
activity_042,Balanced Breakfast - Metabolic Support,Food consumption,57,20,"Build breakfast around protein, fiber, and steady energy release.","{""times"": 3, ""period"": ""week""}",self_guided,self,home,False,"[""blender_station""]","[""Ingredients prepped the night before""]",[],Replace with the closest balanced meal option and record deviation in the nutrition log.,"[""post_meal_energy"", ""fiber_grams""]"
activity_043,Sleep-Support Dinner - Gut Support,Food consumption,69,40,"Build dinner around vegetables, legumes, and a moderate portion of lean protein.","{""times"": 2, ""period"": ""week""}",dietitian,allied_health,home,True,[],"[""Dinner ingredients thawed""]",[],Replace with the closest balanced meal option and record deviation in the nutrition log.,"[""meal_finish_time"", ""fiber_grams""]"
activity_044,Mediterranean Lunch - Gut Support,Food consumption,70,30,"Use lean protein, vegetables, and stable carbohydrates for lunch composition.","{""times"": 3, ""period"": ""week""}",dietitian,allied_health,office,True,[],"[""Meal prep container ready""]",[],Replace with the closest balanced meal option and record deviation in the nutrition log.,"[""satiety_score"", ""post_meal_glucose""]"
activity_045,Nutrient With Meal - Recovery Plate,Food consumption,59,10,Pair supplements with a balanced meal to improve consistency.,"{""times"": 4, ""period"": ""week""}",self_guided,self,home,False,[],"[""Supplement pack ready""]",[],Replace with the closest balanced meal option and record deviation in the nutrition log.,"[""supplement_taken"", ""stomach_tolerance""]"
activity_046,Low-Glycemic Lunch - Protein Rebuild,Food consumption,64,30,"Use lean protein, vegetables, and stable carbohydrates for lunch composition.","{""times"": 3, ""period"": ""week""}",self_guided,self,home,False,[],"[""Meal prep container ready""]",[],Replace with the closest balanced meal option and record deviation in the nutrition log.,"[""satiety_score"", ""post_meal_glucose""]"
activity_047,Balanced Dinner - Metabolic Support,Food consumption,57,30,"Build dinner around vegetables, legumes, and a moderate portion of lean protein.","{""times"": 3, ""period"": ""week""}",dietitian,allied_health,home,True,[],"[""Vegetables chopped in advance"", ""Dinner ingredients thawed""]",[],Replace with the closest balanced meal option and record deviation in the nutrition log.,"[""sleep_quality_next_day"", ""meal_finish_time"", ""fiber_grams""]"
activity_048,Electrolyte Checkpoint - Energy Stabilizer,Food consumption,66,10,Pause for a structured hydration target and record intake progress.,"{""times"": 1, ""period"": ""day""}",health_coach,allied_health,home,True,[],"[""Water bottle filled""]",[],Replace with the closest balanced meal option and record deviation in the nutrition log.,"[""urine_color_score"", ""hydration_ml"", ""electrolyte_serving""]"
activity_049,Balanced Breakfast - Energy Stabilizer,Food consumption,69,20,"Build breakfast around protein, fiber, and steady energy release.","{""times"": 3, ""period"": ""week""}",self_guided,self,home,False,"[""blender_station""]","[""Breakfast logged in nutrition app"", ""Ingredients prepped the night before""]",[],Replace with the closest balanced meal option and record deviation in the nutrition log.,"[""fiber_grams"", ""protein_grams""]"
activity_050,Protein Smoothie - Metabolic Support,Food consumption,65,15,Blend protein and hydration-supportive ingredients after higher-load training.,"{""times"": 2, ""period"": ""week""}",self_guided,self,home,False,"[""blender_station""]","[""Frozen ingredients portioned""]",[],Replace with the closest balanced meal option and record deviation in the nutrition log.,"[""hydration_ml"", ""protein_grams""]"
activity_051,Supplement With Meal - Energy Stabilizer,Food consumption,63,10,Pair supplements with a balanced meal to improve consistency.,"{""times"": 4, ""period"": ""week""}",self_guided,self,office,True,[],"[""Supplement pack ready""]",[],Replace with the closest balanced meal option and record deviation in the nutrition log.,"[""stomach_tolerance"", ""supplement_taken""]"
activity_052,Balanced Breakfast - Gut Support,Food consumption,71,20,"Build breakfast around protein, fiber, and steady energy release.","{""times"": 4, ""period"": ""week""}",self_guided,self,home,False,"[""blender_station""]","[""Breakfast logged in nutrition app"", ""Ingredients prepped the night before""]",[],Replace with the closest balanced meal option and record deviation in the nutrition log.,"[""fiber_grams"", ""protein_grams"", ""post_meal_energy""]"
activity_053,Balanced Dinner - Protein Rebuild,Food consumption,68,30,"Build dinner around vegetables, legumes, and a moderate portion of lean protein.","{""times"": 3, ""period"": ""week""}",dietitian,allied_health,home,True,[],"[""Dinner ingredients thawed""]",[],Replace with the closest balanced meal option and record deviation in the nutrition log.,"[""fiber_grams"", ""meal_finish_time"", ""sleep_quality_next_day""]"
activity_054,Balanced Dinner - Recovery Plate,Food consumption,71,40,"Build dinner around vegetables, legumes, and a moderate portion of lean protein.","{""times"": 3, ""period"": ""week""}",dietitian,allied_health,home,True,[],"[""Dinner ingredients thawed"", ""Vegetables chopped in advance""]",[],Replace with the closest balanced meal option and record deviation in the nutrition log.,"[""meal_finish_time"", ""sleep_quality_next_day"", ""fiber_grams""]"
activity_055,Fiber-Rich Dinner - Energy Stabilizer,Food consumption,59,30,"Build dinner around vegetables, legumes, and a moderate portion of lean protein.","{""times"": 3, ""period"": ""week""}",dietitian,allied_health,home,True,[],"[""Vegetables chopped in advance""]",[],Replace with the closest balanced meal option and record deviation in the nutrition log.,"[""fiber_grams"", ""meal_finish_time""]"
activity_056,Balanced Breakfast - Recovery Plate,Food consumption,61,20,"Build breakfast around protein, fiber, and steady energy release.","{""times"": 3, ""period"": ""week""}",self_guided,self,home,False,"[""blender_station""]","[""Ingredients prepped the night before"", ""Breakfast logged in nutrition app""]",[],Replace with the closest balanced meal option and record deviation in the nutrition log.,"[""protein_grams"", ""fiber_grams""]"
activity_057,Nutrient With Meal - Energy Stabilizer,Food consumption,58,10,Pair supplements with a balanced meal to improve consistency.,"{""times"": 5, ""period"": ""week""}",self_guided,self,office,True,[],"[""Supplement pack ready""]",[],Replace with the closest balanced meal option and record deviation in the nutrition log.,"[""stomach_tolerance"", ""meal_timestamp"", ""supplement_taken""]"
activity_058,Recovery Smoothie - Protein Rebuild,Food consumption,65,15,Blend protein and hydration-supportive ingredients after higher-load training.,"{""times"": 2, ""period"": ""week""}",self_guided,self,home,False,"[""blender_station""]","[""Frozen ingredients portioned""]",[],Replace with the closest balanced meal option and record deviation in the nutrition log.,"[""recovery_score_next_day"", ""protein_grams""]"
activity_059,Sleep-Support Dinner - Recovery Plate,Food consumption,62,40,"Build dinner around vegetables, legumes, and a moderate portion of lean protein.","{""times"": 2, ""period"": ""week""}",self_guided,self,home,False,[],"[""Dinner ingredients thawed""]",[],Replace with the closest balanced meal option and record deviation in the nutrition log.,"[""meal_finish_time"", ""fiber_grams"", ""sleep_quality_next_day""]"
activity_060,Supplement With Meal - Gut Support,Food consumption,62,10,Pair supplements with a balanced meal to improve consistency.,"{""times"": 5, ""period"": ""week""}",self_guided,self,home,False,[],"[""Supplement pack ready""]",[],Replace with the closest balanced meal option and record deviation in the nutrition log.,"[""meal_timestamp"", ""stomach_tolerance""]"
activity_061,Daily Medication Dose - Daily Adherence,Medication consumption,89,10,Take the prescribed maintenance medication exactly as listed in the plan.,"{""times"": 1, ""period"": ""day""}",self_guided,self,home,False,"[""blood_pressure_cuff""]","[""Dose reminder active""]",[],Flag for clinician review if skipped; do not double dose without instructions.,"[""side_effect_score"", ""blood_pressure_reading""]"
activity_062,Daily Medication Dose - Morning Routine,Medication consumption,77,10,Take the prescribed maintenance medication exactly as listed in the plan.,"{""times"": 1, ""period"": ""day""}",self_guided,self,home,False,"[""blood_pressure_cuff""]","[""Dose reminder active"", ""Medication organizer refilled""]",[],Flag for clinician review if skipped; do not double dose without instructions.,"[""dose_taken"", ""blood_pressure_reading""]"
activity_063,Daily Vitamin Dose - Daily Adherence,Medication consumption,91,10,Take the planned vitamin dose with food and mark adherence in the tracker.,"{""times"": 1, ""period"": ""day""}",self_guided,self,travel,True,[],"[""Medication organizer refilled""]",[],Flag for clinician review if skipped; do not double dose without instructions.,"[""missed_dose_flag"", ""dose_taken"", ""time_taken""]"
activity_064,Refill Check - Daily Adherence,Medication consumption,84,20,Review remaining medication supply and place a refill request before the final week of stock.,"{""times"": 1, ""period"": ""month""}",self_guided,self,home,False,[],"[""Pharmacy details available""]",[],Flag for clinician review if skipped; do not double dose without instructions.,"[""days_of_supply_left"", ""refill_requested"", ""med_list_updated""]"
activity_065,Evening Magnesium Dose - Daily Adherence,Medication consumption,87,10,Take magnesium in the evening and monitor any effect on sleep readiness.,"{""times"": 1, ""period"": ""day""}",self_guided,self,travel,True,[],"[""Medication organizer refilled""]",[],Flag for clinician review if skipped; do not double dose without instructions.,"[""GI_tolerance"", ""dose_taken""]"
activity_066,Medication Check - Morning Routine,Medication consumption,81,20,Review remaining medication supply and place a refill request before the final week of stock.,"{""times"": 1, ""period"": ""month""}",health_coach,allied_health,office,True,[],"[""Pharmacy details available""]",[],Flag for clinician review if skipped; do not double dose without instructions.,"[""med_list_updated"", ""days_of_supply_left""]"
activity_067,Evening Magnesium Dose - Travel-Safe Pack,Medication consumption,78,10,Take magnesium in the evening and monitor any effect on sleep readiness.,"{""times"": 1, ""period"": ""day""}",self_guided,self,travel,True,[],"[""Medication organizer refilled""]",[],Flag for clinician review if skipped; do not double dose without instructions.,"[""sleep_latency"", ""GI_tolerance""]"
activity_068,Daily Medication Dose - Evening Routine,Medication consumption,91,10,Take the prescribed maintenance medication exactly as listed in the plan.,"{""times"": 1, ""period"": ""day""}",self_guided,self,home,False,"[""blood_pressure_cuff""]","[""Dose reminder active"", ""Medication organizer refilled""]",[],Flag for clinician review if skipped; do not double dose without instructions.,"[""blood_pressure_reading"", ""side_effect_score"", ""dose_taken""]"
activity_069,Daily Vitamin Dose - Travel-Safe Pack,Medication consumption,93,10,Take the planned vitamin dose with food and mark adherence in the tracker.,"{""times"": 1, ""period"": ""day""}",self_guided,self,home,False,[],"[""Medication organizer refilled""]",[],Flag for clinician review if skipped; do not double dose without instructions.,"[""missed_dose_flag"", ""dose_taken""]"
activity_070,Supply Check - Evening Routine,Medication consumption,91,20,Review remaining medication supply and place a refill request before the final week of stock.,"{""times"": 1, ""period"": ""month""}",health_coach,allied_health,office,True,[],"[""Pharmacy details available""]",[],Flag for clinician review if skipped; do not double dose without instructions.,"[""refill_requested"", ""med_list_updated"", ""days_of_supply_left""]"
activity_071,Prescription Medication Dose - Daily Adherence,Medication consumption,88,10,Take the prescribed maintenance medication exactly as listed in the plan.,"{""times"": 1, ""period"": ""day""}",self_guided,self,home,False,"[""blood_pressure_cuff""]","[""Medication organizer refilled"", ""Dose reminder active""]",[],Flag for clinician review if skipped; do not double dose without instructions.,"[""blood_pressure_reading"", ""side_effect_score"", ""dose_taken""]"
activity_072,Daily Medication Dose - Maintenance Cycle,Medication consumption,92,10,Take the prescribed maintenance medication exactly as listed in the plan.,"{""times"": 1, ""period"": ""day""}",self_guided,self,home,False,"[""blood_pressure_cuff""]","[""Medication organizer refilled"", ""Dose reminder active""]",[],Flag for clinician review if skipped; do not double dose without instructions.,"[""side_effect_score"", ""dose_taken""]"
activity_073,Supply Check - Daily Adherence,Medication consumption,88,20,Review remaining medication supply and place a refill request before the final week of stock.,"{""times"": 1, ""period"": ""month""}",self_guided,self,home,False,[],"[""Pharmacy details available""]",[],Flag for clinician review if skipped; do not double dose without instructions.,"[""days_of_supply_left"", ""med_list_updated"", ""refill_requested""]"
activity_074,Consistency Vitamin Dose - Evening Routine,Medication consumption,88,10,Take the planned vitamin dose with food and mark adherence in the tracker.,"{""times"": 1, ""period"": ""day""}",self_guided,self,home,False,[],"[""Medication organizer refilled""]",[],Flag for clinician review if skipped; do not double dose without instructions.,"[""dose_taken"", ""missed_dose_flag""]"
activity_075,Medication Check - Evening Routine,Medication consumption,91,20,Review remaining medication supply and place a refill request before the final week of stock.,"{""times"": 1, ""period"": ""month""}",health_coach,allied_health,home,True,[],"[""Pharmacy details available""]",[],Flag for clinician review if skipped; do not double dose without instructions.,"[""refill_requested"", ""med_list_updated""]"
activity_076,Daily Vitamin Dose - Maintenance Cycle,Medication consumption,78,10,Take the planned vitamin dose with food and mark adherence in the tracker.,"{""times"": 1, ""period"": ""day""}",self_guided,self,travel,True,[],"[""Medication organizer refilled""]",[],Flag for clinician review if skipped; do not double dose without instructions.,"[""dose_taken"", ""time_taken""]"
activity_077,Maintenance Medication Dose - Daily Adherence,Medication consumption,81,10,Take the prescribed maintenance medication exactly as listed in the plan.,"{""times"": 1, ""period"": ""day""}",self_guided,self,home,False,"[""blood_pressure_cuff""]","[""Dose reminder active""]",[],Flag for clinician review if skipped; do not double dose without instructions.,"[""side_effect_score"", ""dose_taken""]"
activity_078,Weekly Injection Window - Maintenance Cycle,Medication consumption,86,15,Administer the weekly medication during a stable routine window and record the site used.,"{""times"": 1, ""period"": ""week""}",self_guided,self,home,False,[],"[""Sharps bin nearby""]",[],Flag for clinician review if skipped; do not double dose without instructions.,"[""symptom_score_next_day"", ""injection_site""]"
activity_079,Prescription Medication Dose - Travel-Safe Pack,Medication consumption,97,10,Take the prescribed maintenance medication exactly as listed in the plan.,"{""times"": 1, ""period"": ""day""}",self_guided,self,home,False,"[""blood_pressure_cuff""]","[""Medication organizer refilled"", ""Dose reminder active""]",[],Flag for clinician review if skipped; do not double dose without instructions.,"[""blood_pressure_reading"", ""dose_taken""]"
activity_080,Maintenance Medication Dose - Travel-Safe Pack,Medication consumption,82,10,Take the prescribed maintenance medication exactly as listed in the plan.,"{""times"": 1, ""period"": ""day""}",self_guided,self,home,False,"[""blood_pressure_cuff""]","[""Dose reminder active"", ""Medication organizer refilled""]",[],Flag for clinician review if skipped; do not double dose without instructions.,"[""blood_pressure_reading"", ""side_effect_score"", ""dose_taken""]"
activity_081,Guided Breathing - Sleep Support,Therapy,78,15,Use slow exhale-biased breathing to lower evening stress load and improve sleep onset.,"{""times"": 3, ""period"": ""week""}",self_guided,self,home,False,[],"[""Lights dimmed"", ""Phone on silent""]",[],Reschedule within the same week if symptoms are stable; otherwise mark for manual review.,"[""stress_score_post"", ""sleep_latency""]"
activity_082,Thermal Session - Circulation Boost,Therapy,68,40,Use a moderate-duration heat exposure and cool down gradually afterwards.,"{""times"": 1, ""period"": ""week""}",self_guided,self,recovery_center,False,"[""sauna_room""]","[""Bring towel""]",[],Reschedule within the same week if symptoms are stable; otherwise mark for manual review.,"[""pre_weight"", ""session_minutes""]"
activity_083,Recovery Manual Session - Recovery Session,Therapy,78,45,Complete targeted recovery therapy for the current mobility restriction or pain point.,"{""times"": 2, ""period"": ""month""}",physiotherapist,allied_health,clinic,False,[],"[""Pain notes updated before appointment""]",[],Reschedule within the same week if symptoms are stable; otherwise mark for manual review.,"[""pain_score_post"", ""range_of_motion_change"", ""pain_score_pre""]"
activity_084,Manual Therapy Session - Recovery Session,Therapy,70,45,Complete targeted recovery therapy for the current mobility restriction or pain point.,"{""times"": 2, ""period"": ""month""}",physiotherapist,allied_health,clinic,False,[],"[""Pain notes updated before appointment""]",[],Reschedule within the same week if symptoms are stable; otherwise mark for manual review.,"[""pain_score_post"", ""range_of_motion_change""]"
activity_085,Guided Breathing - Stress Reset,Therapy,78,15,Use slow exhale-biased breathing to lower evening stress load and improve sleep onset.,"{""times"": 3, ""period"": ""week""}",health_coach,allied_health,home,True,[],"[""Phone on silent"", ""Lights dimmed""]",[],Reschedule within the same week if symptoms are stable; otherwise mark for manual review.,"[""session_minutes"", ""sleep_latency"", ""stress_score_post""]"
activity_086,Guided Breathing - Inflammation Support,Therapy,78,15,Use slow exhale-biased breathing to lower evening stress load and improve sleep onset.,"{""times"": 3, ""period"": ""week""}",health_coach,allied_health,home,True,[],"[""Lights dimmed""]",[],Reschedule within the same week if symptoms are stable; otherwise mark for manual review.,"[""session_minutes"", ""sleep_latency""]"
activity_087,Manual Therapy Session - Sleep Support,Therapy,71,60,Complete targeted recovery therapy for the current mobility restriction or pain point.,"{""times"": 2, ""period"": ""month""}",physiotherapist,allied_health,clinic,False,[],"[""Pain notes updated before appointment""]",[],Reschedule within the same week if symptoms are stable; otherwise mark for manual review.,"[""pain_score_post"", ""pain_score_pre"", ""range_of_motion_change""]"
activity_088,Soft Tissue Session - Stress Reset,Therapy,68,45,Complete targeted recovery therapy for the current mobility restriction or pain point.,"{""times"": 2, ""period"": ""month""}",physiotherapist,allied_health,clinic,False,[],"[""Pain notes updated before appointment""]",[],Reschedule within the same week if symptoms are stable; otherwise mark for manual review.,"[""pain_score_post"", ""pain_score_pre"", ""range_of_motion_change""]"
activity_089,Compression Session - Stress Reset,Therapy,64,20,Use lower-limb compression after demanding training blocks to support recovery.,"{""times"": 2, ""period"": ""week""}",self_guided,self,recovery_center,False,"[""compression_boots""]","[""Elevate legs after session""]",[],Reschedule within the same week if symptoms are stable; otherwise mark for manual review.,"[""session_minutes"", ""leg_heaviness_score"", ""recovery_score""]"
activity_090,Ice Recovery Session - Stress Reset,Therapy,72,15,Keep the cold exposure controlled and note recovery response after the session.,"{""times"": 1, ""period"": ""week""}",self_guided,self,recovery_center,False,"[""ice_bath""]","[""Breathing reset before entry""]",[],Reschedule within the same week if symptoms are stable; otherwise mark for manual review.,"[""mood_after"", ""session_minutes"", ""recovery_score""]"
activity_091,Stress Reset - Recovery Session,Therapy,78,20,Use slow exhale-biased breathing to lower evening stress load and improve sleep onset.,"{""times"": 3, ""period"": ""week""}",health_coach,allied_health,home,True,[],"[""Phone on silent"", ""Lights dimmed""]",[],Reschedule within the same week if symptoms are stable; otherwise mark for manual review.,"[""session_minutes"", ""sleep_latency""]"
activity_092,Stress Reset - Circulation Boost,Therapy,66,20,Use slow exhale-biased breathing to lower evening stress load and improve sleep onset.,"{""times"": 3, ""period"": ""week""}",self_guided,self,home,False,[],"[""Lights dimmed""]",[],Reschedule within the same week if symptoms are stable; otherwise mark for manual review.,"[""sleep_latency"", ""stress_score_post""]"
activity_093,Cooling Session - Circulation Boost,Therapy,77,15,Keep the cold exposure controlled and note recovery response after the session.,"{""times"": 1, ""period"": ""week""}",self_guided,self,recovery_center,False,"[""ice_bath""]","[""Breathing reset before entry""]",[],Reschedule within the same week if symptoms are stable; otherwise mark for manual review.,"[""recovery_score"", ""session_minutes""]"
activity_094,Compression Session - Circulation Boost,Therapy,72,20,Use lower-limb compression after demanding training blocks to support recovery.,"{""times"": 2, ""period"": ""week""}",self_guided,self,recovery_center,False,"[""compression_boots""]","[""Elevate legs after session""]",[],Reschedule within the same week if symptoms are stable; otherwise mark for manual review.,"[""session_minutes"", ""leg_heaviness_score""]"
activity_095,Heat Recovery Session - Recovery Session,Therapy,78,40,Use a moderate-duration heat exposure and cool down gradually afterwards.,"{""times"": 1, ""period"": ""week""}",self_guided,self,recovery_center,False,"[""sauna_room""]","[""Hydrate 30 minutes before""]",[],Reschedule within the same week if symptoms are stable; otherwise mark for manual review.,"[""pre_weight"", ""session_minutes"", ""post_weight""]"
activity_096,Compression Session - Sleep Support,Therapy,72,20,Use lower-limb compression after demanding training blocks to support recovery.,"{""times"": 2, ""period"": ""week""}",self_guided,self,recovery_center,False,"[""compression_boots""]","[""Elevate legs after session""]",[],Reschedule within the same week if symptoms are stable; otherwise mark for manual review.,"[""session_minutes"", ""leg_heaviness_score"", ""recovery_score""]"
activity_097,Stress Reset - Stress Reset,Therapy,72,20,Use slow exhale-biased breathing to lower evening stress load and improve sleep onset.,"{""times"": 3, ""period"": ""week""}",health_coach,allied_health,home,True,[],"[""Lights dimmed"", ""Phone on silent""]",[],Reschedule within the same week if symptoms are stable; otherwise mark for manual review.,"[""stress_score_post"", ""sleep_latency"", ""session_minutes""]"
activity_098,Circulation Session - Stress Reset,Therapy,78,20,Use lower-limb compression after demanding training blocks to support recovery.,"{""times"": 1, ""period"": ""week""}",self_guided,self,recovery_center,False,"[""compression_boots""]","[""Elevate legs after session""]",[],Reschedule within the same week if symptoms are stable; otherwise mark for manual review.,"[""session_minutes"", ""recovery_score""]"
activity_099,Cooling Session - Stress Reset,Therapy,76,20,Keep the cold exposure controlled and note recovery response after the session.,"{""times"": 1, ""period"": ""week""}",self_guided,self,recovery_center,False,"[""ice_bath""]","[""Breathing reset before entry""]",[],Reschedule within the same week if symptoms are stable; otherwise mark for manual review.,"[""mood_after"", ""recovery_score""]"
activity_100,Evening Breathwork - Inflammation Support,Therapy,78,20,Use slow exhale-biased breathing to lower evening stress load and improve sleep onset.,"{""times"": 3, ""period"": ""week""}",self_guided,self,home,False,[],"[""Lights dimmed"", ""Phone on silent""]",[],Reschedule within the same week if symptoms are stable; otherwise mark for manual review.,"[""sleep_latency"", ""stress_score_post""]"
activity_101,Sleep Coaching Call - Progress Review,Consultation,84,30,"Review bedtime consistency, evening routine, and overnight recovery patterns.","{""times"": 1, ""period"": ""week""}",sleep_physician,specialist,home,True,[],"[""Sleep tracker summary exported""]",[],Rebook the next available provider slot and send the latest metrics summary ahead of time.,"[""action_items_created"", ""sleep_latency""]"
activity_102,Physiotherapy Review - Check-In,Consultation,76,45,"Assess mobility constraints and exercise tolerance, then adjust the movement plan.","{""times"": 2, ""period"": ""month""}",physiotherapist,allied_health,clinic,True,[],"[""Training log available"", ""Pain notes updated""]",[],Rebook the next available provider slot and send the latest metrics summary ahead of time.,"[""range_of_motion"", ""pain_score"", ""exercise_modifications""]"
activity_103,Primary Care Review - Quarterly Review,Consultation,80,45,"Review symptoms, medication adherence, and recent health trends with the physician.","{""times"": 1, ""period"": ""month""}",primary_care_physician,specialist,clinic,True,[],"[""Upload recent metrics summary""]",[],Rebook the next available provider slot and send the latest metrics summary ahead of time.,"[""questions_answered"", ""weight"", ""blood_pressure_reading""]"
activity_104,Lab Testing Appointment - Check-In,Consultation,94,30,Complete planned bloodwork or diagnostic testing and confirm follow-up routing.,"{""times"": 1, ""period"": ""month""}",lab_technician,specialist,lab,False,"[""lab_kit""]","[""Follow fasting instructions""]",[],Book the next morning lab slot and preserve fasting instructions.,"[""sample_quality"", ""follow_up_booked""]"
activity_105,Primary Care Review - Check-In,Consultation,94,45,"Review symptoms, medication adherence, and recent health trends with the physician.","{""times"": 1, ""period"": ""month""}",primary_care_physician,specialist,clinic,True,[],"[""Upload recent metrics summary""]",[],Rebook the next available provider slot and send the latest metrics summary ahead of time.,"[""blood_pressure_reading"", ""questions_answered""]"
activity_106,Primary Care Review - Plan Tuning,Consultation,87,45,"Review symptoms, medication adherence, and recent health trends with the physician.","{""times"": 1, ""period"": ""month""}",primary_care_physician,specialist,clinic,True,[],"[""Upload recent metrics summary""]",[],Rebook the next available provider slot and send the latest metrics summary ahead of time.,"[""weight"", ""blood_pressure_reading"", ""questions_answered""]"
activity_107,Dietitian Consultation - Quarterly Review,Consultation,74,45,"Review meal adherence, travel eating patterns, and nutrition barriers.","{""times"": 2, ""period"": ""month""}",dietitian,allied_health,clinic,True,[],"[""Photos of recent meals available"", ""Food diary updated""]",[],Rebook the next available provider slot and send the latest metrics summary ahead of time.,"[""action_items_created"", ""meal_adherence_score"", ""weight_trend""]"
activity_108,Dietitian Consultation - Progress Review,Consultation,73,45,"Review meal adherence, travel eating patterns, and nutrition barriers.","{""times"": 2, ""period"": ""month""}",dietitian,allied_health,clinic,True,[],"[""Photos of recent meals available"", ""Food diary updated""]",[],Rebook the next available provider slot and send the latest metrics summary ahead of time.,"[""weight_trend"", ""action_items_created""]"
activity_109,Dietitian Consultation - Follow-Up,Consultation,70,45,"Review meal adherence, travel eating patterns, and nutrition barriers.","{""times"": 2, ""period"": ""month""}",dietitian,allied_health,clinic,True,[],"[""Food diary updated"", ""Photos of recent meals available""]",[],Rebook the next available provider slot and send the latest metrics summary ahead of time.,"[""meal_adherence_score"", ""action_items_created"", ""weight_trend""]"
activity_110,Sleep Coaching Call - Plan Tuning,Consultation,78,30,"Review bedtime consistency, evening routine, and overnight recovery patterns.","{""times"": 1, ""period"": ""week""}",health_coach,allied_health,home,True,[],"[""Sleep tracker summary exported""]",[],Rebook the next available provider slot and send the latest metrics summary ahead of time.,"[""sleep_latency"", ""sleep_duration""]"
activity_111,Lab Testing Appointment - Plan Tuning,Consultation,86,30,Complete planned bloodwork or diagnostic testing and confirm follow-up routing.,"{""times"": 1, ""period"": ""month""}",lab_technician,specialist,lab,False,"[""lab_kit""]","[""Follow fasting instructions"", ""Bring requisition form""]",[],Book the next morning lab slot and preserve fasting instructions.,"[""test_completed"", ""follow_up_booked"", ""sample_quality""]"
activity_112,Lab Testing Appointment - Progress Review,Consultation,94,45,Complete planned bloodwork or diagnostic testing and confirm follow-up routing.,"{""times"": 1, ""period"": ""month""}",lab_technician,specialist,lab,False,"[""lab_kit""]","[""Follow fasting instructions"", ""Bring requisition form""]",[],Book the next morning lab slot and preserve fasting instructions.,"[""follow_up_booked"", ""sample_quality"", ""test_completed""]"
activity_113,Lab Testing Appointment - Follow-Up,Consultation,88,30,Complete planned bloodwork or diagnostic testing and confirm follow-up routing.,"{""times"": 1, ""period"": ""month""}",lab_technician,specialist,lab,False,"[""lab_kit""]","[""Follow fasting instructions""]",[],Book the next morning lab slot and preserve fasting instructions.,"[""follow_up_booked"", ""test_completed"", ""sample_quality""]"
activity_114,Lab Testing Appointment - Quarterly Review,Consultation,81,30,Complete planned bloodwork or diagnostic testing and confirm follow-up routing.,"{""times"": 1, ""period"": ""month""}",lab_technician,specialist,lab,False,"[""lab_kit""]","[""Follow fasting instructions"", ""Bring requisition form""]",[],Book the next morning lab slot and preserve fasting instructions.,"[""follow_up_booked"", ""test_completed"", ""sample_quality""]"
activity_115,Lab Testing Appointment - Plan Variant 2,Consultation,93,45,Complete planned bloodwork or diagnostic testing and confirm follow-up routing.,"{""times"": 1, ""period"": ""month""}",lab_technician,specialist,lab,False,"[""lab_kit""]","[""Follow fasting instructions"", ""Bring requisition form""]",[],Book the next morning lab slot and preserve fasting instructions.,"[""follow_up_booked"", ""sample_quality"", ""test_completed""]"
activity_116,Dietitian Consultation - Plan Tuning,Consultation,76,45,"Review meal adherence, travel eating patterns, and nutrition barriers.","{""times"": 2, ""period"": ""month""}",dietitian,allied_health,clinic,True,[],"[""Photos of recent meals available"", ""Food diary updated""]",[],Rebook the next available provider slot and send the latest metrics summary ahead of time.,"[""meal_adherence_score"", ""weight_trend"", ""action_items_created""]"
activity_117,Physiotherapy Review - Plan Tuning,Consultation,84,60,"Assess mobility constraints and exercise tolerance, then adjust the movement plan.","{""times"": 2, ""period"": ""month""}",physiotherapist,allied_health,clinic,True,[],"[""Training log available""]",[],Rebook the next available provider slot and send the latest metrics summary ahead of time.,"[""exercise_modifications"", ""range_of_motion"", ""pain_score""]"
activity_118,Primary Care Review - Progress Review,Consultation,79,45,"Review symptoms, medication adherence, and recent health trends with the physician.","{""times"": 1, ""period"": ""month""}",primary_care_physician,specialist,clinic,True,[],"[""Upload recent metrics summary"", ""Prepare question list""]",[],Rebook the next available provider slot and send the latest metrics summary ahead of time.,"[""blood_pressure_reading"", ""questions_answered""]"
activity_119,Sleep Coaching Call - Quarterly Review,Consultation,71,30,"Review bedtime consistency, evening routine, and overnight recovery patterns.","{""times"": 1, ""period"": ""week""}",health_coach,allied_health,home,True,[],"[""Sleep tracker summary exported""]",[],Rebook the next available provider slot and send the latest metrics summary ahead of time.,"[""sleep_latency"", ""sleep_duration""]"
activity_120,Primary Care Review - Follow-Up,Consultation,78,45,"Review symptoms, medication adherence, and recent health trends with the physician.","{""times"": 1, ""period"": ""month""}",primary_care_physician,specialist,clinic,True,[],"[""Upload recent metrics summary"", ""Prepare question list""]",[],Rebook the next available provider slot and send the latest metrics summary ahead of time.,"[""blood_pressure_reading"", ""weight"", ""questions_answered""]"
