id,title,category,priority,duration_minutes,details,frequency,facilitator_role,resource_pool,location,remote_allowed,equipment_required,prep_required,backup_activity_ids,skip_adjustment,metrics,preferred_time_windows
activity_001,Outdoor Walk - Mobility Reset,Fitness routine / exercise,73,30,Walk at a pace that slightly elevates breathing while keeping posture tall.,"{""times"": 3, ""period"": ""week""}",self_guided,self,park,False,[],"[""Comfortable walking shoes""]","[""activity_014"", ""activity_033""]",Move to the next free slot within 48 hours and lower intensity by one step.,"[""steps"", ""average_pace""]","[""early_morning"", ""evening""]"
activity_002,Guided Yoga - Mobility Reset,Fitness routine / exercise,65,45,Use slow transitions and extended exhales to support recovery and mobility.,"{""times"": 2, ""period"": ""week""}",self_guided,self,studio,False,"[""yoga_mat""]","[""Set up quiet room""]","[""activity_014"", ""activity_033""]",Move to the next free slot within 48 hours and lower intensity by one step.,"[""session_minutes"", ""sleep_readiness"", ""stress_score_post""]","[""evening""]"
activity_003,Aerobic Base Treadmill Session - Aerobic Base,Fitness routine / exercise,62,60,Maintain a sustainable aerobic effort and log exertion after the session.,"{""times"": 3, ""period"": ""week""}",self_guided,self,park,False,[],"[""Light dynamic warm-up""]","[""activity_014"", ""activity_033""]",Move to the next free slot within 48 hours and lower intensity by one step.,"[""rpe"", ""heart_rate_average""]","[""early_morning"", ""evening""]"
activity_004,Visual Mobility Routine - Aerobic Base,Fitness routine / exercise,65,20,Alternate near and far focus work with controlled visual tracking drills.,"{""times"": 1, ""period"": ""day""}",occupational_therapist,allied_health,home,True,[],"[""Timer prepared""]","[""activity_014"", ""activity_033""]",Move to the next free slot within 48 hours and lower intensity by one step.,"[""screen_break_count"", ""eye_strain_score""]","[""midday"", ""evening""]"
activity_005,Breath-Led Yoga - Recovery Focus,Fitness routine / exercise,61,30,Use slow transitions and extended exhales to support recovery and mobility.,"{""times"": 2, ""period"": ""week""}",physiotherapist,allied_health,home,True,"[""yoga_mat""]","[""Reduce screen exposure beforehand"", ""Set up quiet room""]","[""activity_014"", ""activity_033""]",Move to the next free slot within 48 hours and lower intensity by one step.,"[""sleep_readiness"", ""stress_score_post""]","[""evening""]"
activity_006,Posterior Chain Session - Recovery Focus,Fitness routine / exercise,68,75,Complete compound lifts with controlled tempo and moderate load progression.,"{""times"": 2, ""period"": ""week""}",exercise_physiologist,allied_health,gym,True,"[""dumbbell_set""]","[""Prepare workout log""]","[""activity_014"", ""activity_033""]",Move to the next free slot within 48 hours and lower intensity by one step.,"[""sets_completed"", ""session_rpe"", ""load_used""]","[""morning"", ""evening""]"
activity_007,Posterior Chain Session - Joint Care,Fitness routine / exercise,76,75,Complete compound lifts with controlled tempo and moderate load progression.,"{""times"": 2, ""period"": ""week""}",strength_coach,allied_health,gym,True,"[""dumbbell_set""]","[""Complete activation drills"", ""Prepare workout log""]","[""activity_014"", ""activity_033""]",Move to the next free slot within 48 hours and lower intensity by one step.,"[""load_used"", ""sets_completed"", ""session_rpe""]","[""morning"", ""evening""]"
activity_008,Cardio Recovery Treadmill Session - Joint Care,Fitness routine / exercise,64,60,Maintain a sustainable aerobic effort and log exertion after the session.,"{""times"": 2, ""period"": ""week""}",self_guided,self,gym,False,"[""treadmill""]","[""Bring water bottle"", ""Light dynamic warm-up""]","[""activity_014"", ""activity_033""]",Move to the next free slot within 48 hours and lower intensity by one step.,"[""distance_km"", ""rpe""]","[""early_morning"", ""evening""]"
activity_009,Resistance Session - Aerobic Base,Fitness routine / exercise,75,60,Complete compound lifts with controlled tempo and moderate load progression.,"{""times"": 2, ""period"": ""week""}",strength_coach,allied_health,gym,True,"[""dumbbell_set""]","[""Prepare workout log""]","[""activity_014"", ""activity_033""]",Move to the next free slot within 48 hours and lower intensity by one step.,"[""load_used"", ""session_rpe"", ""sets_completed""]","[""morning"", ""evening""]"
activity_010,Recovery Yoga - Mobility Reset,Fitness routine / exercise,67,30,Use slow transitions and extended exhales to support recovery and mobility.,"{""times"": 2, ""period"": ""week""}",physiotherapist,allied_health,home,True,"[""yoga_mat""]","[""Set up quiet room""]","[""activity_014"", ""activity_033""]",Move to the next free slot within 48 hours and lower intensity by one step.,"[""stress_score_post"", ""session_minutes""]","[""evening""]"
activity_011,Guided Yoga - Joint Care,Fitness routine / exercise,75,45,Use slow transitions and extended exhales to support recovery and mobility.,"{""times"": 2, ""period"": ""week""}",health_coach,allied_health,studio,True,"[""yoga_mat""]","[""Reduce screen exposure beforehand""]","[""activity_014"", ""activity_033""]",Move to the next free slot within 48 hours and lower intensity by one step.,"[""stress_score_post"", ""sleep_readiness"", ""session_minutes""]","[""evening""]"
activity_012,Focus Mobility Routine - Aerobic Base,Fitness routine / exercise,67,15,Alternate near and far focus work with controlled visual tracking drills.,"{""times"": 1, ""period"": ""day""}",occupational_therapist,allied_health,home,True,[],"[""Screen brightness reduced"", ""Timer prepared""]","[""activity_014"", ""activity_033""]",Move to the next free slot within 48 hours and lower intensity by one step.,"[""routine_minutes"", ""screen_break_count""]","[""midday"", ""evening""]"
activity_013,Resistance Session - Joint Care,Fitness routine / exercise,73,75,Complete compound lifts with controlled tempo and moderate load progression.,"{""times"": 2, ""period"": ""week""}",exercise_physiologist,allied_health,gym,True,"[""dumbbell_set""]","[""Prepare workout log"", ""Complete activation drills""]","[""activity_014"", ""activity_033""]",Move to the next free slot within 48 hours and lower intensity by one step.,"[""sets_completed"", ""load_used"", ""session_rpe""]","[""morning"", ""evening""]"
activity_014,Visual Mobility Routine - Joint Care,Fitness routine / exercise,66,15,Alternate near and far focus work with controlled visual tracking drills.,"{""times"": 1, ""period"": ""day""}",self_guided,self,office,True,[],"[""Screen brightness reduced"", ""Timer prepared""]","[""activity_033"", ""activity_012""]",Move to the next free slot within 48 hours and lower intensity by one step.,"[""screen_break_count"", ""eye_strain_score"", ""routine_minutes""]","[""midday"", ""evening""]"
activity_015,Guided Yoga - Aerobic Base,Fitness routine / exercise,63,30,Use slow transitions and extended exhales to support recovery and mobility.,"{""times"": 2, ""period"": ""week""}",physiotherapist,allied_health,home,True,"[""yoga_mat""]","[""Reduce screen exposure beforehand"", ""Set up quiet room""]","[""activity_014"", ""activity_033""]",Move to the next free slot within 48 hours and lower intensity by one step.,"[""sleep_readiness"", ""stress_score_post""]","[""evening""]"
activity_016,Strength Session - Core Stability,Fitness routine / exercise,74,60,Complete compound lifts with controlled tempo and moderate load progression.,"{""times"": 2, ""period"": ""week""}",exercise_physiologist,allied_health,gym,True,"[""dumbbell_set""]","[""Prepare workout log"", ""Complete activation drills""]","[""activity_014"", ""activity_033""]",Move to the next free slot within 48 hours and lower intensity by one step.,"[""sets_completed"", ""load_used""]","[""morning"", ""evening""]"
activity_017,Mobility Flow - Joint Care,Fitness routine / exercise,64,30,Move through controlled range-of-motion work and keep breathing relaxed.,"{""times"": 3, ""period"": ""week""}",self_guided,self,gym,False,"[""yoga_mat""]","[""Yoga mat ready""]","[""activity_014"", ""activity_033""]",Move to the next free slot within 48 hours and lower intensity by one step.,"[""stiffness_score"", ""mobility_minutes"", ""pain_score""]","[""early_morning"", ""evening""]"
activity_018,Posterior Chain Session - Core Stability,Fitness routine / exercise,61,60,Complete compound lifts with controlled tempo and moderate load progression.,"{""times"": 2, ""period"": ""week""}",exercise_physiologist,allied_health,gym,True,"[""dumbbell_set""]","[""Prepare workout log"", ""Complete activation drills""]","[""activity_014"", ""activity_033""]",Move to the next free slot within 48 hours and lower intensity by one step.,"[""session_rpe"", ""sets_completed"", ""load_used""]","[""morning"", ""evening""]"
activity_019,Cardio Recovery Run - Core Stability,Fitness routine / exercise,69,60,Maintain a sustainable aerobic effort and log exertion after the session.,"{""times"": 2, ""period"": ""week""}",self_guided,self,gym,False,"[""treadmill""]","[""Light dynamic warm-up""]","[""activity_014"", ""activity_033""]",Move to the next free slot within 48 hours and lower intensity by one step.,"[""distance_km"", ""rpe""]","[""early_morning"", ""evening""]"
activity_020,Breath-Led Yoga - Mobility Reset,Fitness routine / exercise,70,45,Use slow transitions and extended exhales to support recovery and mobility.,"{""times"": 2, ""period"": ""week""}",physiotherapist,allied_health,home,True,"[""yoga_mat""]","[""Set up quiet room""]","[""activity_014"", ""activity_033""]",Move to the next free slot within 48 hours and lower intensity by one step.,"[""session_minutes"", ""stress_score_post"", ""sleep_readiness""]","[""evening""]"
activity_021,Strength Session - Mobility Reset,Fitness routine / exercise,70,75,Complete compound lifts with controlled tempo and moderate load progression.,"{""times"": 2, ""period"": ""week""}",exercise_physiologist,allied_health,gym,True,"[""dumbbell_set""]","[""Complete activation drills"", ""Prepare workout log""]","[""activity_014"", ""activity_033""]",Move to the next free slot within 48 hours and lower intensity by one step.,"[""sets_completed"", ""load_used""]","[""morning"", ""evening""]"
activity_022,Posterior Chain Session - Aerobic Base,Fitness routine / exercise,76,60,Complete compound lifts with controlled tempo and moderate load progression.,"{""times"": 2, ""period"": ""week""}",exercise_physiologist,allied_health,gym,True,"[""dumbbell_set""]","[""Prepare workout log"", ""Complete activation drills""]","[""activity_014"", ""activity_033""]",Move to the next free slot within 48 hours and lower intensity by one step.,"[""session_rpe"", ""sets_completed""]","[""morning"", ""evening""]"
activity_023,Joint Care Flow - Joint Care,Fitness routine / exercise,76,30,Move through controlled range-of-motion work and keep breathing relaxed.,"{""times"": 1, ""period"": ""day""}",physiotherapist,allied_health,gym,True,"[""yoga_mat""]","[""Yoga mat ready"", ""Quiet floor space""]","[""activity_014"", ""activity_033""]",Move to the next free slot within 48 hours and lower intensity by one step.,"[""pain_score"", ""stiffness_score""]","[""early_morning"", ""evening""]"
activity_024,Low-Impact Walk - Recovery Focus,Fitness routine / exercise,73,45,Walk at a pace that slightly elevates breathing while keeping posture tall.,"{""times"": 4, ""period"": ""week""}",self_guided,self,park,False,[],"[""Comfortable walking shoes""]","[""activity_014"", ""activity_033""]",Move to the next free slot within 48 hours and lower intensity by one step.,"[""average_pace"", ""steps"", ""distance_km""]","[""early_morning"", ""evening""]"
activity_025,Focus Mobility Routine - Core Stability,Fitness routine / exercise,67,15,Alternate near and far focus work with controlled visual tracking drills.,"{""times"": 1, ""period"": ""day""}",occupational_therapist,allied_health,home,True,[],"[""Screen brightness reduced""]","[""activity_014"", ""activity_033""]",Move to the next free slot within 48 hours and lower intensity by one step.,"[""routine_minutes"", ""eye_strain_score""]","[""midday"", ""evening""]"
activity_026,Tempo Bike Session - Recovery Focus,Fitness routine / exercise,63,45,Alternate harder efforts with recovery segments and track response across intervals.,"{""times"": 1, ""period"": ""week""}",exercise_physiologist,allied_health,gym,True,"[""stationary_bike""]","[""Hydrate before session"", ""Review interval targets""]","[""activity_014"", ""activity_033""]",Move to the next free slot within 48 hours and lower intensity by one step.,"[""interval_count"", ""peak_heart_rate""]","[""morning"", ""evening""]"
activity_027,Visual Mobility Routine - Recovery Focus,Fitness routine / exercise,75,20,Alternate near and far focus work with controlled visual tracking drills.,"{""times"": 1, ""period"": ""day""}",self_guided,self,office,True,[],"[""Timer prepared""]","[""activity_014"", ""activity_033""]",Move to the next free slot within 48 hours and lower intensity by one step.,"[""screen_break_count"", ""eye_strain_score"", ""routine_minutes""]","[""midday"", ""evening""]"
activity_028,Interval Bike Session - Core Stability,Fitness routine / exercise,64,30,Alternate harder efforts with recovery segments and track response across intervals.,"{""times"": 2, ""period"": ""week""}",self_guided,self,gym,False,"[""stationary_bike""]","[""Hydrate before session""]","[""activity_014"", ""activity_033""]",Move to the next free slot within 48 hours and lower intensity by one step.,"[""interval_count"", ""session_rpe"", ""peak_heart_rate""]","[""morning"", ""evening""]"
activity_029,Interval Bike Session - Recovery Focus,Fitness routine / exercise,60,45,Alternate harder efforts with recovery segments and track response across intervals.,"{""times"": 2, ""period"": ""week""}",exercise_physiologist,allied_health,gym,True,"[""stationary_bike""]","[""Hydrate before session"", ""Review interval targets""]","[""activity_014"", ""activity_033""]",Move to the next free slot within 48 hours and lower intensity by one step.,"[""interval_count"", ""session_rpe""]","[""morning"", ""evening""]"
activity_030,Interval Bike Session - Mobility Reset,Fitness routine / exercise,72,30,Alternate harder efforts with recovery segments and track response across intervals.,"{""times"": 1, ""period"": ""week""}",self_guided,self,gym,False,"[""stationary_bike""]","[""Review interval targets""]","[""activity_014"", ""activity_033""]",Move to the next free slot within 48 hours and lower intensity by one step.,"[""peak_heart_rate"", ""interval_count""]","[""morning"", ""evening""]"
activity_031,Tempo Bike Session - Core Stability,Fitness routine / exercise,68,30,Alternate harder efforts with recovery segments and track response across intervals.,"{""times"": 2, ""period"": ""week""}",exercise_physiologist,allied_health,gym,True,"[""stationary_bike""]","[""Review interval targets""]","[""activity_014"", ""activity_033""]",Move to the next free slot within 48 hours and lower intensity by one step.,"[""session_rpe"", ""peak_heart_rate""]","[""morning"", ""evening""]"
activity_032,Focus Mobility Routine - Mobility Reset,Fitness routine / exercise,64,20,Alternate near and far focus work with controlled visual tracking drills.,"{""times"": 1, ""period"": ""day""}",occupational_therapist,allied_health,home,True,[],"[""Timer prepared""]","[""activity_014"", ""activity_033""]",Move to the next free slot within 48 hours and lower intensity by one step.,"[""routine_minutes"", ""eye_strain_score"", ""screen_break_count""]","[""midday"", ""evening""]"
activity_033,Eye Mobility Routine - Joint Care,Fitness routine / exercise,66,15,Alternate near and far focus work with controlled visual tracking drills.,"{""times"": 1, ""period"": ""day""}",self_guided,self,home,False,[],"[""Timer prepared""]","[""activity_014"", ""activity_012""]",Move to the next free slot within 48 hours and lower intensity by one step.,"[""screen_break_count"", ""eye_strain_score""]","[""midday"", ""evening""]"
activity_034,Posture Flow - Aerobic Base,Fitness routine / exercise,63,30,Move through controlled range-of-motion work and keep breathing relaxed.,"{""times"": 1, ""period"": ""day""}",self_guided,self,gym,False,"[""yoga_mat""]","[""Yoga mat ready""]","[""activity_014"", ""activity_033""]",Move to the next free slot within 48 hours and lower intensity by one step.,"[""stiffness_score"", ""pain_score""]","[""early_morning"", ""evening""]"
activity_035,Breath-Led Yoga - Core Stability,Fitness routine / exercise,68,45,Use slow transitions and extended exhales to support recovery and mobility.,"{""times"": 2, ""period"": ""week""}",health_coach,allied_health,studio,True,"[""yoga_mat""]","[""Reduce screen exposure beforehand"", ""Set up quiet room""]","[""activity_014"", ""activity_033""]",Move to the next free slot within 48 hours and lower intensity by one step.,"[""stress_score_post"", ""session_minutes"", ""sleep_readiness""]","[""evening""]"
activity_036,Low-Glycemic Lunch - Energy Stabilizer,Food consumption,58,30,"Use lean protein, vegetables, and stable carbohydrates for lunch composition.","{""times"": 3, ""period"": ""week""}",self_guided,self,office,True,[],"[""Meal prep container ready""]","[""activity_056"", ""activity_038""]",Replace with the closest balanced meal option and record deviation in the nutrition log.,"[""post_meal_glucose"", ""satiety_score""]","[""midday""]"
activity_037,Adherence With Meal - Metabolic Support,Food consumption,63,10,Pair supplements with a balanced meal to improve consistency.,"{""times"": 5, ""period"": ""week""}",self_guided,self,office,True,[],"[""Supplement pack ready""]","[""activity_056"", ""activity_038""]",Replace with the closest balanced meal option and record deviation in the nutrition log.,"[""meal_timestamp"", ""stomach_tolerance"", ""supplement_taken""]","[""morning"", ""midday""]"
activity_038,Nutrient With Meal - Energy Stabilizer,Food consumption,59,10,Pair supplements with a balanced meal to improve consistency.,"{""times"": 4, ""period"": ""week""}",self_guided,self,office,True,[],"[""Supplement pack ready""]","[""activity_056"", ""activity_043""]",Replace with the closest balanced meal option and record deviation in the nutrition log.,"[""meal_timestamp"", ""stomach_tolerance"", ""supplement_taken""]","[""morning"", ""midday""]"
activity_039,Low-Glycemic Lunch - Recovery Plate,Food consumption,57,30,"Use lean protein, vegetables, and stable carbohydrates for lunch composition.","{""times"": 3, ""period"": ""week""}",dietitian,allied_health,office,True,[],"[""Meal prep container ready""]","[""activity_056"", ""activity_038""]",Replace with the closest balanced meal option and record deviation in the nutrition log.,"[""vegetable_servings"", ""post_meal_glucose"", ""satiety_score""]","[""midday""]"
activity_040,Electrolyte Checkpoint - Recovery Plate,Food consumption,58,10,Pause for a structured hydration target and record intake progress.,"{""times"": 1, ""period"": ""day""}",health_coach,allied_health,office,True,[],"[""Water bottle filled""]","[""activity_056"", ""activity_038""]",Replace with the closest balanced meal option and record deviation in the nutrition log.,"[""hydration_ml"", ""urine_color_score""]","[""morning"", ""midday"", ""evening""]"
activity_041,Balanced Dinner - Metabolic Support,Food consumption,70,40,"Build dinner around vegetables, legumes, and a moderate portion of lean protein.","{""times"": 3, ""period"": ""week""}",dietitian,allied_health,home,True,[],"[""Vegetables chopped in advance"", ""Dinner ingredients thawed""]","[""activity_056"", ""activity_038""]",Replace with the closest balanced meal option and record deviation in the nutrition log.,"[""fiber_grams"", ""sleep_quality_next_day""]","[""evening""]"
activity_042,Post-Workout Smoothie - Recovery Plate,Food consumption,56,15,Blend protein and hydration-supportive ingredients after higher-load training.,"{""times"": 2, ""period"": ""week""}",dietitian,allied_health,home,True,"[""blender_station""]","[""Frozen ingredients portioned""]","[""activity_056"", ""activity_038""]",Replace with the closest balanced meal option and record deviation in the nutrition log.,"[""protein_grams"", ""hydration_ml""]","[""morning"", ""evening""]"
activity_043,Nutrient With Meal - Recovery Plate,Food consumption,59,10,Pair supplements with a balanced meal to improve consistency.,"{""times"": 4, ""period"": ""week""}",self_guided,self,home,False,[],"[""Supplement pack ready""]","[""activity_056"", ""activity_038""]",Replace with the closest balanced meal option and record deviation in the nutrition log.,"[""supplement_taken"", ""stomach_tolerance""]","[""morning"", ""midday""]"
activity_044,Low-Glycemic Lunch - Metabolic Support,Food consumption,64,30,"Use lean protein, vegetables, and stable carbohydrates for lunch composition.","{""times"": 3, ""period"": ""week""}",self_guided,self,office,True,[],"[""Meal prep container ready""]","[""activity_056"", ""activity_038""]",Replace with the closest balanced meal option and record deviation in the nutrition log.,"[""satiety_score"", ""post_meal_glucose""]","[""midday""]"
activity_045,Balanced Dinner - Recovery Plate,Food consumption,61,40,"Build dinner around vegetables, legumes, and a moderate portion of lean protein.","{""times"": 3, ""period"": ""week""}",dietitian,allied_health,home,True,[],"[""Dinner ingredients thawed"", ""Vegetables chopped in advance""]","[""activity_056"", ""activity_038""]",Replace with the closest balanced meal option and record deviation in the nutrition log.,"[""fiber_grams"", ""meal_finish_time"", ""sleep_quality_next_day""]","[""evening""]"
activity_046,Electrolyte Checkpoint - Metabolic Support,Food consumption,65,10,Pause for a structured hydration target and record intake progress.,"{""times"": 1, ""period"": ""day""}",health_coach,allied_health,travel,True,[],"[""Water bottle filled""]","[""activity_056"", ""activity_038""]",Replace with the closest balanced meal option and record deviation in the nutrition log.,"[""electrolyte_serving"", ""urine_color_score""]","[""morning"", ""midday"", ""evening""]"
activity_047,Recovery Smoothie - Gut Support,Food consumption,72,15,Blend protein and hydration-supportive ingredients after higher-load training.,"{""times"": 2, ""period"": ""week""}",self_guided,self,home,False,"[""blender_station""]","[""Frozen ingredients portioned""]","[""activity_056"", ""activity_038""]",Replace with the closest balanced meal option and record deviation in the nutrition log.,"[""hydration_ml"", ""protein_grams""]","[""morning"", ""evening""]"
activity_048,Protein Smoothie - Metabolic Support,Food consumption,56,15,Blend protein and hydration-supportive ingredients after higher-load training.,"{""times"": 2, ""period"": ""week""}",self_guided,self,home,False,"[""blender_station""]","[""Frozen ingredients portioned""]","[""activity_056"", ""activity_038""]",Replace with the closest balanced meal option and record deviation in the nutrition log.,"[""protein_grams"", ""recovery_score_next_day"", ""hydration_ml""]","[""morning"", ""evening""]"
activity_049,Nutrient With Meal - Protein Rebuild,Food consumption,68,10,Pair supplements with a balanced meal to improve consistency.,"{""times"": 4, ""period"": ""week""}",self_guided,self,office,True,[],"[""Supplement pack ready""]","[""activity_056"", ""activity_038""]",Replace with the closest balanced meal option and record deviation in the nutrition log.,"[""meal_timestamp"", ""stomach_tolerance"", ""supplement_taken""]","[""morning"", ""midday""]"
activity_050,Balanced Breakfast - Recovery Plate,Food consumption,66,30,"Build breakfast around protein, fiber, and steady energy release.","{""times"": 4, ""period"": ""week""}",self_guided,self,office,True,"[""blender_station""]","[""Ingredients prepped the night before""]","[""activity_056"", ""activity_038""]",Replace with the closest balanced meal option and record deviation in the nutrition log.,"[""protein_grams"", ""fiber_grams"", ""post_meal_energy""]","[""early_morning"", ""morning""]"
activity_051,Post-Workout Smoothie - Protein Rebuild,Food consumption,72,15,Blend protein and hydration-supportive ingredients after higher-load training.,"{""times"": 2, ""period"": ""week""}",self_guided,self,home,False,"[""blender_station""]","[""Frozen ingredients portioned""]","[""activity_056"", ""activity_038""]",Replace with the closest balanced meal option and record deviation in the nutrition log.,"[""protein_grams"", ""recovery_score_next_day"", ""hydration_ml""]","[""morning"", ""evening""]"
activity_052,Supplement With Meal - Energy Stabilizer,Food consumption,66,10,Pair supplements with a balanced meal to improve consistency.,"{""times"": 5, ""period"": ""week""}",self_guided,self,office,True,[],"[""Supplement pack ready""]","[""activity_056"", ""activity_038""]",Replace with the closest balanced meal option and record deviation in the nutrition log.,"[""stomach_tolerance"", ""supplement_taken""]","[""morning"", ""midday""]"
activity_053,Recovery Lunch - Metabolic Support,Food consumption,61,30,"Use lean protein, vegetables, and stable carbohydrates for lunch composition.","{""times"": 2, ""period"": ""week""}",self_guided,self,home,False,[],"[""Meal prep container ready""]","[""activity_056"", ""activity_038""]",Replace with the closest balanced meal option and record deviation in the nutrition log.,"[""vegetable_servings"", ""satiety_score"", ""post_meal_glucose""]","[""midday""]"
activity_054,Protein Smoothie - Gut Support,Food consumption,61,15,Blend protein and hydration-supportive ingredients after higher-load training.,"{""times"": 2, ""period"": ""week""}",dietitian,allied_health,home,True,"[""blender_station""]","[""Frozen ingredients portioned""]","[""activity_056"", ""activity_038""]",Replace with the closest balanced meal option and record deviation in the nutrition log.,"[""protein_grams"", ""hydration_ml""]","[""morning"", ""evening""]"
activity_055,Nutrient With Meal - Metabolic Support,Food consumption,70,10,Pair supplements with a balanced meal to improve consistency.,"{""times"": 5, ""period"": ""week""}",self_guided,self,office,True,[],"[""Supplement pack ready""]","[""activity_056"", ""activity_038""]",Replace with the closest balanced meal option and record deviation in the nutrition log.,"[""meal_timestamp"", ""stomach_tolerance"", ""supplement_taken""]","[""morning"", ""midday""]"
activity_056,Electrolyte Checkpoint - Protein Rebuild,Food consumption,56,10,Pause for a structured hydration target and record intake progress.,"{""times"": 1, ""period"": ""day""}",self_guided,self,home,False,[],"[""Water bottle filled""]","[""activity_038"", ""activity_043""]",Replace with the closest balanced meal option and record deviation in the nutrition log.,"[""urine_color_score"", ""electrolyte_serving""]","[""morning"", ""midday"", ""evening""]"
activity_057,Recovery Smoothie - Recovery Plate,Food consumption,57,15,Blend protein and hydration-supportive ingredients after higher-load training.,"{""times"": 2, ""period"": ""week""}",self_guided,self,home,False,"[""blender_station""]","[""Frozen ingredients portioned""]","[""activity_056"", ""activity_038""]",Replace with the closest balanced meal option and record deviation in the nutrition log.,"[""protein_grams"", ""hydration_ml""]","[""morning"", ""evening""]"
activity_058,Post-Workout Smoothie - Gut Support,Food consumption,61,15,Blend protein and hydration-supportive ingredients after higher-load training.,"{""times"": 2, ""period"": ""week""}",self_guided,self,home,False,"[""blender_station""]","[""Frozen ingredients portioned""]","[""activity_056"", ""activity_038""]",Replace with the closest balanced meal option and record deviation in the nutrition log.,"[""hydration_ml"", ""protein_grams""]","[""morning"", ""evening""]"
activity_059,Mediterranean Lunch - Metabolic Support,Food consumption,70,30,"Use lean protein, vegetables, and stable carbohydrates for lunch composition.","{""times"": 3, ""period"": ""week""}",self_guided,self,office,True,[],"[""Meal prep container ready""]","[""activity_056"", ""activity_038""]",Replace with the closest balanced meal option and record deviation in the nutrition log.,"[""vegetable_servings"", ""post_meal_glucose"", ""satiety_score""]","[""midday""]"
activity_060,High-Fiber Breakfast - Metabolic Support,Food consumption,59,20,"Build breakfast around protein, fiber, and steady energy release.","{""times"": 3, ""period"": ""week""}",self_guided,self,home,False,"[""blender_station""]","[""Breakfast logged in nutrition app"", ""Ingredients prepped the night before""]","[""activity_056"", ""activity_038""]",Replace with the closest balanced meal option and record deviation in the nutrition log.,"[""protein_grams"", ""post_meal_energy""]","[""early_morning"", ""morning""]"
activity_061,Planned Injection Window - Maintenance Cycle,Medication consumption,90,15,Administer the weekly medication during a stable routine window and record the site used.,"{""times"": 1, ""period"": ""week""}",self_guided,self,home,False,[],"[""Injection supplies prepared"", ""Sharps bin nearby""]","[""activity_073"", ""activity_068""]",Flag for clinician review if skipped; do not double dose without instructions.,"[""dose_taken"", ""injection_site"", ""symptom_score_next_day""]","[""evening""]"
activity_062,Daily Medication Dose - Evening Routine,Medication consumption,79,10,Take the prescribed maintenance medication exactly as listed in the plan.,"{""times"": 1, ""period"": ""day""}",self_guided,self,home,False,"[""blood_pressure_cuff""]","[""Medication organizer refilled"", ""Dose reminder active""]","[""activity_073"", ""activity_068""]",Flag for clinician review if skipped; do not double dose without instructions.,"[""dose_taken"", ""blood_pressure_reading""]","[""morning"", ""evening""]"
activity_063,Medication Check - Travel-Safe Pack,Medication consumption,85,20,Review remaining medication supply and place a refill request before the final week of stock.,"{""times"": 1, ""period"": ""month""}",health_coach,allied_health,office,True,[],"[""Pharmacy details available""]","[""activity_073"", ""activity_068""]",Flag for clinician review if skipped; do not double dose without instructions.,"[""days_of_supply_left"", ""refill_requested""]","[""midday"", ""evening""]"
activity_064,Recovery Magnesium Dose - Travel-Safe Pack,Medication consumption,93,10,Take magnesium in the evening and monitor any effect on sleep readiness.,"{""times"": 1, ""period"": ""day""}",self_guided,self,home,False,[],"[""Medication organizer refilled""]","[""activity_073"", ""activity_068""]",Flag for clinician review if skipped; do not double dose without instructions.,"[""sleep_latency"", ""dose_taken"", ""GI_tolerance""]","[""evening""]"
activity_065,Medication Check - Evening Routine,Medication consumption,90,20,Review remaining medication supply and place a refill request before the final week of stock.,"{""times"": 1, ""period"": ""month""}",health_coach,allied_health,office,True,[],"[""Pharmacy details available""]","[""activity_073"", ""activity_068""]",Flag for clinician review if skipped; do not double dose without instructions.,"[""days_of_supply_left"", ""refill_requested""]","[""midday"", ""evening""]"
activity_066,Medication Check - Morning Routine,Medication consumption,93,20,Review remaining medication supply and place a refill request before the final week of stock.,"{""times"": 1, ""period"": ""month""}",health_coach,allied_health,home,True,[],"[""Pharmacy details available""]","[""activity_073"", ""activity_068""]",Flag for clinician review if skipped; do not double dose without instructions.,"[""refill_requested"", ""med_list_updated""]","[""midday"", ""evening""]"
activity_067,Sleep-Support Magnesium Dose - Evening Routine,Medication consumption,90,10,Take magnesium in the evening and monitor any effect on sleep readiness.,"{""times"": 1, ""period"": ""day""}",self_guided,self,travel,True,[],"[""Medication organizer refilled""]","[""activity_073"", ""activity_068""]",Flag for clinician review if skipped; do not double dose without instructions.,"[""GI_tolerance"", ""sleep_latency""]","[""evening""]"
activity_068,Morning Vitamin Dose - Evening Routine,Medication consumption,78,10,Take the planned vitamin dose with food and mark adherence in the tracker.,"{""times"": 1, ""period"": ""day""}",self_guided,self,home,False,[],"[""Medication organizer refilled""]","[""activity_073"", ""activity_077""]",Flag for clinician review if skipped; do not double dose without instructions.,"[""missed_dose_flag"", ""time_taken"", ""dose_taken""]","[""morning""]"
activity_069,Daily Medication Dose - Daily Adherence,Medication consumption,80,10,Take the prescribed maintenance medication exactly as listed in the plan.,"{""times"": 1, ""period"": ""day""}",self_guided,self,travel,True,"[""blood_pressure_cuff""]","[""Medication organizer refilled"", ""Dose reminder active""]","[""activity_073"", ""activity_068""]",Flag for clinician review if skipped; do not double dose without instructions.,"[""blood_pressure_reading"", ""side_effect_score""]","[""morning"", ""evening""]"
activity_070,Morning Vitamin Dose - Morning Routine,Medication consumption,89,10,Take the planned vitamin dose with food and mark adherence in the tracker.,"{""times"": 1, ""period"": ""day""}",self_guided,self,travel,True,[],"[""Medication organizer refilled""]","[""activity_073"", ""activity_068""]",Flag for clinician review if skipped; do not double dose without instructions.,"[""missed_dose_flag"", ""dose_taken""]","[""morning""]"
activity_071,Planned Injection Window - Travel-Safe Pack,Medication consumption,78,15,Administer the weekly medication during a stable routine window and record the site used.,"{""times"": 1, ""period"": ""week""}",self_guided,self,home,False,[],"[""Injection supplies prepared""]","[""activity_073"", ""activity_068""]",Flag for clinician review if skipped; do not double dose without instructions.,"[""injection_site"", ""symptom_score_next_day"", ""dose_taken""]","[""evening""]"
activity_072,Refill Check - Travel-Safe Pack,Medication consumption,86,20,Review remaining medication supply and place a refill request before the final week of stock.,"{""times"": 1, ""period"": ""month""}",self_guided,self,office,True,[],"[""Pharmacy details available""]","[""activity_073"", ""activity_068""]",Flag for clinician review if skipped; do not double dose without instructions.,"[""refill_requested"", ""days_of_supply_left""]","[""midday"", ""evening""]"
activity_073,Morning Vitamin Dose - Travel-Safe Pack,Medication consumption,77,10,Take the planned vitamin dose with food and mark adherence in the tracker.,"{""times"": 1, ""period"": ""day""}",self_guided,self,home,False,[],"[""Medication organizer refilled""]","[""activity_068"", ""activity_077""]",Flag for clinician review if skipped; do not double dose without instructions.,"[""time_taken"", ""dose_taken""]","[""morning""]"
activity_074,Supply Check - Evening Routine,Medication consumption,79,20,Review remaining medication supply and place a refill request before the final week of stock.,"{""times"": 1, ""period"": ""month""}",self_guided,self,home,False,[],"[""Pharmacy details available""]","[""activity_073"", ""activity_068""]",Flag for clinician review if skipped; do not double dose without instructions.,"[""refill_requested"", ""days_of_supply_left"", ""med_list_updated""]","[""midday"", ""evening""]"
activity_075,Daily Vitamin Dose - Morning Routine,Medication consumption,90,10,Take the planned vitamin dose with food and mark adherence in the tracker.,"{""times"": 1, ""period"": ""day""}",self_guided,self,travel,True,[],"[""Medication organizer refilled""]","[""activity_073"", ""activity_068""]",Flag for clinician review if skipped; do not double dose without instructions.,"[""missed_dose_flag"", ""time_taken"", ""dose_taken""]","[""morning""]"
activity_076,Prescription Medication Dose - Maintenance Cycle,Medication consumption,92,10,Take the prescribed maintenance medication exactly as listed in the plan.,"{""times"": 1, ""period"": ""day""}",self_guided,self,home,False,"[""blood_pressure_cuff""]","[""Medication organizer refilled""]","[""activity_073"", ""activity_068""]",Flag for clinician review if skipped; do not double dose without instructions.,"[""blood_pressure_reading"", ""dose_taken""]","[""morning"", ""evening""]"
activity_077,Recovery Magnesium Dose - Maintenance Cycle,Medication consumption,81,10,Take magnesium in the evening and monitor any effect on sleep readiness.,"{""times"": 1, ""period"": ""day""}",self_guided,self,travel,True,[],"[""Medication organizer refilled""]","[""activity_073"", ""activity_068""]",Flag for clinician review if skipped; do not double dose without instructions.,"[""GI_tolerance"", ""sleep_latency"", ""dose_taken""]","[""evening""]"
activity_078,Medication Check - Daily Adherence,Medication consumption,88,20,Review remaining medication supply and place a refill request before the final week of stock.,"{""times"": 1, ""period"": ""month""}",self_guided,self,home,False,[],"[""Pharmacy details available""]","[""activity_073"", ""activity_068""]",Flag for clinician review if skipped; do not double dose without instructions.,"[""refill_requested"", ""days_of_supply_left"", ""med_list_updated""]","[""midday"", ""evening""]"
activity_079,Supply Check - Maintenance Cycle,Medication consumption,91,20,Review remaining medication supply and place a refill request before the final week of stock.,"{""times"": 1, ""period"": ""month""}",health_coach,allied_health,office,True,[],"[""Pharmacy details available""]","[""activity_073"", ""activity_068""]",Flag for clinician review if skipped; do not double dose without instructions.,"[""days_of_supply_left"", ""med_list_updated""]","[""midday"", ""evening""]"
activity_080,Planned Injection Window - Morning Routine,Medication consumption,78,15,Administer the weekly medication during a stable routine window and record the site used.,"{""times"": 1, ""period"": ""week""}",self_guided,self,home,False,[],"[""Injection supplies prepared"", ""Sharps bin nearby""]","[""activity_073"", ""activity_068""]",Flag for clinician review if skipped; do not double dose without instructions.,"[""injection_site"", ""dose_taken"", ""symptom_score_next_day""]","[""evening""]"
activity_081,Thermal Session - Stress Reset,Therapy,74,40,Use a moderate-duration heat exposure and cool down gradually afterwards.,"{""times"": 1, ""period"": ""week""}",self_guided,self,recovery_center,False,"[""sauna_room""]","[""Bring towel"", ""Hydrate 30 minutes before""]","[""activity_086"", ""activity_091""]",Reschedule within the same week if symptoms are stable; otherwise mark for manual review.,"[""pre_weight"", ""session_minutes"", ""post_weight""]","[""evening""]"
activity_082,Recovery Boot Session - Inflammation Support,Therapy,78,20,Use lower-limb compression after demanding training blocks to support recovery.,"{""times"": 2, ""period"": ""week""}",self_guided,self,recovery_center,False,"[""compression_boots""]","[""Elevate legs after session""]","[""activity_086"", ""activity_091""]",Reschedule within the same week if symptoms are stable; otherwise mark for manual review.,"[""session_minutes"", ""recovery_score""]","[""evening""]"
activity_083,Manual Therapy Session - Sleep Support,Therapy,71,60,Complete targeted recovery therapy for the current mobility restriction or pain point.,"{""times"": 2, ""period"": ""month""}",physiotherapist,allied_health,clinic,False,[],"[""Pain notes updated before appointment""]","[""activity_086"", ""activity_091""]",Reschedule within the same week if symptoms are stable; otherwise mark for manual review.,"[""pain_score_post"", ""pain_score_pre"", ""range_of_motion_change""]","[""morning"", ""afternoon""]"
activity_084,Soft Tissue Session - Sleep Support,Therapy,70,45,Complete targeted recovery therapy for the current mobility restriction or pain point.,"{""times"": 2, ""period"": ""month""}",physiotherapist,allied_health,clinic,False,[],"[""Pain notes updated before appointment""]","[""activity_086"", ""activity_091""]",Reschedule within the same week if symptoms are stable; otherwise mark for manual review.,"[""range_of_motion_change"", ""pain_score_pre""]","[""morning"", ""afternoon""]"
activity_085,Compression Session - Sleep Support,Therapy,76,30,Use lower-limb compression after demanding training blocks to support recovery.,"{""times"": 1, ""period"": ""week""}",self_guided,self,recovery_center,False,"[""compression_boots""]","[""Elevate legs after session""]","[""activity_086"", ""activity_091""]",Reschedule within the same week if symptoms are stable; otherwise mark for manual review.,"[""recovery_score"", ""leg_heaviness_score"", ""session_minutes""]","[""evening""]"
activity_086,Guided Breathing - Recovery Session,Therapy,66,15,Use slow exhale-biased breathing to lower evening stress load and improve sleep onset.,"{""times"": 3, ""period"": ""week""}",self_guided,self,home,False,[],"[""Phone on silent"", ""Lights dimmed""]",[],Reschedule within the same week if symptoms are stable; otherwise mark for manual review.,"[""sleep_latency"", ""session_minutes"", ""stress_score_post""]","[""evening""]"
activity_087,Heat Recovery Session - Circulation Boost,Therapy,71,30,Use a moderate-duration heat exposure and cool down gradually afterwards.,"{""times"": 1, ""period"": ""week""}",self_guided,self,recovery_center,False,"[""sauna_room""]","[""Bring towel"", ""Hydrate 30 minutes before""]","[""activity_086"", ""activity_091""]",Reschedule within the same week if symptoms are stable; otherwise mark for manual review.,"[""pre_weight"", ""session_minutes""]","[""evening""]"
activity_088,Recovery Manual Session - Stress Reset,Therapy,75,45,Complete targeted recovery therapy for the current mobility restriction or pain point.,"{""times"": 2, ""period"": ""month""}",physiotherapist,allied_health,clinic,False,[],"[""Pain notes updated before appointment""]","[""activity_086"", ""activity_091""]",Reschedule within the same week if symptoms are stable; otherwise mark for manual review.,"[""range_of_motion_change"", ""pain_score_pre""]","[""morning"", ""afternoon""]"
activity_089,Evening Breathwork - Stress Reset,Therapy,64,20,Use slow exhale-biased breathing to lower evening stress load and improve sleep onset.,"{""times"": 3, ""period"": ""week""}",health_coach,allied_health,home,True,[],"[""Lights dimmed""]","[""activity_086""]",Reschedule within the same week if symptoms are stable; otherwise mark for manual review.,"[""session_minutes"", ""stress_score_post""]","[""evening""]"
activity_090,Soft Tissue Session - Inflammation Support,Therapy,63,60,Complete targeted recovery therapy for the current mobility restriction or pain point.,"{""times"": 2, ""period"": ""month""}",physiotherapist,allied_health,clinic,False,[],"[""Pain notes updated before appointment""]","[""activity_086"", ""activity_097""]",Reschedule within the same week if symptoms are stable; otherwise mark for manual review.,"[""pain_score_pre"", ""pain_score_post""]","[""morning"", ""afternoon""]"
activity_091,Circulation Session - Stress Reset,Therapy,73,20,Use lower-limb compression after demanding training blocks to support recovery.,"{""times"": 2, ""period"": ""week""}",self_guided,self,recovery_center,False,"[""compression_boots""]","[""Elevate legs after session""]","[""activity_086"", ""activity_082""]",Reschedule within the same week if symptoms are stable; otherwise mark for manual review.,"[""leg_heaviness_score"", ""recovery_score"", ""session_minutes""]","[""evening""]"
activity_092,Evening Breathwork - Sleep Support,Therapy,75,15,Use slow exhale-biased breathing to lower evening stress load and improve sleep onset.,"{""times"": 3, ""period"": ""week""}",health_coach,allied_health,home,True,[],"[""Lights dimmed""]","[""activity_086"", ""activity_094""]",Reschedule within the same week if symptoms are stable; otherwise mark for manual review.,"[""session_minutes"", ""sleep_latency"", ""stress_score_post""]","[""evening""]"
activity_093,Recovery Boot Session - Sleep Support,Therapy,73,30,Use lower-limb compression after demanding training blocks to support recovery.,"{""times"": 2, ""period"": ""week""}",self_guided,self,recovery_center,False,"[""compression_boots""]","[""Elevate legs after session""]","[""activity_086"", ""activity_091""]",Reschedule within the same week if symptoms are stable; otherwise mark for manual review.,"[""leg_heaviness_score"", ""session_minutes"", ""recovery_score""]","[""evening""]"
activity_094,Cooling Session - Inflammation Support,Therapy,74,15,Keep the cold exposure controlled and note recovery response after the session.,"{""times"": 1, ""period"": ""week""}",health_coach,allied_health,recovery_center,False,"[""ice_bath""]","[""Breathing reset before entry""]","[""activity_086"", ""activity_092""]",Reschedule within the same week if symptoms are stable; otherwise mark for manual review.,"[""recovery_score"", ""session_minutes"", ""mood_after""]","[""evening""]"
activity_095,Soft Tissue Session - Stress Reset,Therapy,77,60,Complete targeted recovery therapy for the current mobility restriction or pain point.,"{""times"": 2, ""period"": ""month""}",physiotherapist,allied_health,clinic,False,[],"[""Pain notes updated before appointment""]","[""activity_086"", ""activity_091""]",Reschedule within the same week if symptoms are stable; otherwise mark for manual review.,"[""range_of_motion_change"", ""pain_score_post"", ""pain_score_pre""]","[""morning"", ""afternoon""]"
activity_096,Soft Tissue Session - Recovery Session,Therapy,76,45,Complete targeted recovery therapy for the current mobility restriction or pain point.,"{""times"": 2, ""period"": ""month""}",physiotherapist,allied_health,clinic,False,[],"[""Pain notes updated before appointment""]","[""activity_086"", ""activity_091""]",Reschedule within the same week if symptoms are stable; otherwise mark for manual review.,"[""range_of_motion_change"", ""pain_score_post""]","[""morning"", ""afternoon""]"
activity_097,Compression Session - Circulation Boost,Therapy,69,30,Use lower-limb compression after demanding training blocks to support recovery.,"{""times"": 1, ""period"": ""week""}",self_guided,self,recovery_center,False,"[""compression_boots""]","[""Elevate legs after session""]","[""activity_086"", ""activity_091""]",Reschedule within the same week if symptoms are stable; otherwise mark for manual review.,"[""recovery_score"", ""session_minutes"", ""leg_heaviness_score""]","[""evening""]"
activity_098,Heat Recovery Session - Sleep Support,Therapy,72,30,Use a moderate-duration heat exposure and cool down gradually afterwards.,"{""times"": 1, ""period"": ""week""}",health_coach,allied_health,recovery_center,False,"[""sauna_room""]","[""Hydrate 30 minutes before"", ""Bring towel""]","[""activity_086"", ""activity_091""]",Reschedule within the same week if symptoms are stable; otherwise mark for manual review.,"[""pre_weight"", ""session_minutes""]","[""evening""]"
activity_099,Thermal Session - Inflammation Support,Therapy,78,40,Use a moderate-duration heat exposure and cool down gradually afterwards.,"{""times"": 1, ""period"": ""week""}",self_guided,self,recovery_center,False,"[""sauna_room""]","[""Bring towel""]","[""activity_086"", ""activity_091""]",Reschedule within the same week if symptoms are stable; otherwise mark for manual review.,"[""post_weight"", ""pre_weight""]","[""evening""]"
activity_100,Recovery Manual Session - Circulation Boost,Therapy,62,45,Complete targeted recovery therapy for the current mobility restriction or pain point.,"{""times"": 2, ""period"": ""month""}",physiotherapist,allied_health,clinic,False,[],"[""Pain notes updated before appointment""]","[""activity_086"", ""activity_089""]",Reschedule within the same week if symptoms are stable; otherwise mark for manual review.,"[""range_of_motion_change"", ""pain_score_post""]","[""morning"", ""afternoon""]"
activity_101,Lab Testing Appointment - Follow-Up,Consultation,85,45,Complete planned bloodwork or diagnostic testing and confirm follow-up routing.,"{""times"": 1, ""period"": ""month""}",lab_technician,specialist,lab,False,"[""lab_kit""]","[""Bring requisition form""]","[""activity_104"", ""activity_110""]",Book the next morning lab slot and preserve fasting instructions.,"[""sample_quality"", ""follow_up_booked""]","[""morning""]"
activity_102,Sleep Coaching Call - Plan Tuning,Consultation,82,30,"Review bedtime consistency, evening routine, and overnight recovery patterns.","{""times"": 1, ""period"": ""week""}",health_coach,allied_health,home,True,[],"[""Sleep tracker summary exported""]","[""activity_104"", ""activity_110""]",Rebook the next available provider slot and send the latest metrics summary ahead of time.,"[""sleep_duration"", ""sleep_latency"", ""action_items_created""]","[""evening""]"
activity_103,Physiotherapy Review - Check-In,Consultation,83,45,"Assess mobility constraints and exercise tolerance, then adjust the movement plan.","{""times"": 2, ""period"": ""month""}",physiotherapist,allied_health,clinic,True,[],"[""Pain notes updated"", ""Training log available""]","[""activity_104"", ""activity_110""]",Rebook the next available provider slot and send the latest metrics summary ahead of time.,"[""range_of_motion"", ""exercise_modifications""]","[""morning"", ""afternoon""]"
activity_104,Sleep Coaching Call - Progress Review,Consultation,76,30,"Review bedtime consistency, evening routine, and overnight recovery patterns.","{""times"": 1, ""period"": ""week""}",health_coach,allied_health,home,True,[],"[""Sleep tracker summary exported""]","[""activity_110"", ""activity_115""]",Rebook the next available provider slot and send the latest metrics summary ahead of time.,"[""sleep_latency"", ""action_items_created"", ""sleep_duration""]","[""evening""]"
activity_105,Lab Testing Appointment - Quarterly Review,Consultation,89,30,Complete planned bloodwork or diagnostic testing and confirm follow-up routing.,"{""times"": 1, ""period"": ""month""}",lab_technician,specialist,lab,False,"[""lab_kit""]","[""Follow fasting instructions""]","[""activity_104"", ""activity_110""]",Book the next morning lab slot and preserve fasting instructions.,"[""test_completed"", ""sample_quality"", ""follow_up_booked""]","[""morning""]"
activity_106,Lab Testing Appointment - Check-In,Consultation,89,30,Complete planned bloodwork or diagnostic testing and confirm follow-up routing.,"{""times"": 1, ""period"": ""month""}",lab_technician,specialist,lab,False,"[""lab_kit""]","[""Bring requisition form""]","[""activity_104"", ""activity_110""]",Book the next morning lab slot and preserve fasting instructions.,"[""test_completed"", ""sample_quality""]","[""morning""]"
activity_107,Sleep Coaching Call - Follow-Up,Consultation,82,30,"Review bedtime consistency, evening routine, and overnight recovery patterns.","{""times"": 1, ""period"": ""week""}",health_coach,allied_health,home,True,[],"[""Sleep tracker summary exported""]","[""activity_104"", ""activity_110""]",Rebook the next available provider slot and send the latest metrics summary ahead of time.,"[""sleep_latency"", ""sleep_duration"", ""action_items_created""]","[""evening""]"
activity_108,Physiotherapy Review - Follow-Up,Consultation,78,45,"Assess mobility constraints and exercise tolerance, then adjust the movement plan.","{""times"": 2, ""period"": ""month""}",physiotherapist,allied_health,clinic,True,[],"[""Training log available"", ""Pain notes updated""]","[""activity_104"", ""activity_110""]",Rebook the next available provider slot and send the latest metrics summary ahead of time.,"[""exercise_modifications"", ""pain_score""]","[""morning"", ""afternoon""]"
activity_109,Primary Care Review - Progress Review,Consultation,91,45,"Review symptoms, medication adherence, and recent health trends with the physician.","{""times"": 1, ""period"": ""month""}",primary_care_physician,specialist,clinic,True,[],"[""Prepare question list"", ""Upload recent metrics summary""]","[""activity_104"", ""activity_110""]",Rebook the next available provider slot and send the latest metrics summary ahead of time.,"[""questions_answered"", ""weight""]","[""morning"", ""afternoon""]"
activity_110,Sleep Coaching Call - Check-In,Consultation,78,30,"Review bedtime consistency, evening routine, and overnight recovery patterns.","{""times"": 1, ""period"": ""week""}",health_coach,allied_health,home,True,[],"[""Sleep tracker summary exported""]","[""activity_104"", ""activity_115""]",Rebook the next available provider slot and send the latest metrics summary ahead of time.,"[""action_items_created"", ""sleep_latency"", ""sleep_duration""]","[""evening""]"
activity_111,Physiotherapy Review - Quarterly Review,Consultation,79,45,"Assess mobility constraints and exercise tolerance, then adjust the movement plan.","{""times"": 2, ""period"": ""month""}",physiotherapist,allied_health,clinic,True,[],"[""Pain notes updated"", ""Training log available""]","[""activity_104"", ""activity_110""]",Rebook the next available provider slot and send the latest metrics summary ahead of time.,"[""pain_score"", ""range_of_motion"", ""exercise_modifications""]","[""morning"", ""afternoon""]"
activity_112,Physiotherapy Review - Progress Review,Consultation,74,45,"Assess mobility constraints and exercise tolerance, then adjust the movement plan.","{""times"": 2, ""period"": ""month""}",physiotherapist,allied_health,clinic,True,[],"[""Training log available""]","[""activity_104"", ""activity_110""]",Rebook the next available provider slot and send the latest metrics summary ahead of time.,"[""exercise_modifications"", ""pain_score""]","[""morning"", ""afternoon""]"
activity_113,Primary Care Review - Plan Tuning,Consultation,83,45,"Review symptoms, medication adherence, and recent health trends with the physician.","{""times"": 1, ""period"": ""month""}",primary_care_physician,specialist,clinic,True,[],"[""Prepare question list"", ""Upload recent metrics summary""]","[""activity_104"", ""activity_110""]",Rebook the next available provider slot and send the latest metrics summary ahead of time.,"[""weight"", ""blood_pressure_reading"", ""questions_answered""]","[""morning"", ""afternoon""]"
activity_114,Lab Testing Appointment - Progress Review,Consultation,93,30,Complete planned bloodwork or diagnostic testing and confirm follow-up routing.,"{""times"": 1, ""period"": ""month""}",lab_technician,specialist,lab,False,"[""lab_kit""]","[""Follow fasting instructions""]","[""activity_104"", ""activity_110""]",Book the next morning lab slot and preserve fasting instructions.,"[""sample_quality"", ""follow_up_booked""]","[""morning""]"
activity_115,Sleep Coaching Call - Quarterly Review,Consultation,80,30,"Review bedtime consistency, evening routine, and overnight recovery patterns.","{""times"": 1, ""period"": ""week""}",health_coach,allied_health,home,True,[],"[""Sleep tracker summary exported""]","[""activity_104"", ""activity_110""]",Rebook the next available provider slot and send the latest metrics summary ahead of time.,"[""sleep_duration"", ""sleep_latency""]","[""evening""]"
activity_116,Physiotherapy Review - Plan Tuning,Consultation,82,45,"Assess mobility constraints and exercise tolerance, then adjust the movement plan.","{""times"": 2, ""period"": ""month""}",physiotherapist,allied_health,clinic,True,[],"[""Pain notes updated""]","[""activity_104"", ""activity_110""]",Rebook the next available provider slot and send the latest metrics summary ahead of time.,"[""pain_score"", ""exercise_modifications"", ""range_of_motion""]","[""morning"", ""afternoon""]"
activity_117,Sleep Coaching Call - Plan Variant 2,Consultation,81,30,"Review bedtime consistency, evening routine, and overnight recovery patterns.","{""times"": 1, ""period"": ""week""}",sleep_physician,specialist,home,True,[],"[""Sleep tracker summary exported""]","[""activity_104"", ""activity_110""]",Rebook the next available provider slot and send the latest metrics summary ahead of time.,"[""sleep_latency"", ""sleep_duration"", ""action_items_created""]","[""evening""]"
activity_118,Lab Testing Appointment - Plan Tuning,Consultation,82,45,Complete planned bloodwork or diagnostic testing and confirm follow-up routing.,"{""times"": 1, ""period"": ""month""}",lab_technician,specialist,lab,False,"[""lab_kit""]","[""Follow fasting instructions"", ""Bring requisition form""]","[""activity_104"", ""activity_110""]",Book the next morning lab slot and preserve fasting instructions.,"[""test_completed"", ""follow_up_booked""]","[""morning""]"
activity_119,Lab Testing Appointment - Plan Variant 2,Consultation,83,45,Complete planned bloodwork or diagnostic testing and confirm follow-up routing.,"{""times"": 1, ""period"": ""month""}",lab_technician,specialist,lab,False,"[""lab_kit""]","[""Follow fasting instructions""]","[""activity_104"", ""activity_110""]",Book the next morning lab slot and preserve fasting instructions.,"[""follow_up_booked"", ""sample_quality""]","[""morning""]"
activity_120,Primary Care Review - Follow-Up,Consultation,87,45,"Review symptoms, medication adherence, and recent health trends with the physician.","{""times"": 1, ""period"": ""month""}",primary_care_physician,specialist,clinic,True,[],"[""Prepare question list"", ""Upload recent metrics summary""]","[""activity_104"", ""activity_110""]",Rebook the next available provider slot and send the latest metrics summary ahead of time.,"[""blood_pressure_reading"", ""weight""]","[""morning"", ""afternoon""]"
